SITE_ID,VISIT_NO,d18O,dD,d_excess,E_I,RT_iso,RT_modeled,Lk_vol_m3
NLA17_AL-10001,1,-4.6,-26.45,10.35,0,NA,0.020389053,33963752.56
NLA17_AL-10002,1,-3.74,-23.44,6.48,0.055,0.113613012,0.034371543,198302747.9
NLA17_AL-10003,1,-4.48,-28.1,7.74,0.057,0.149837564,0.011720514,123188287.5
NLA17_AL-10004,1,-0.93,-9.26,-1.82,0.157,0.282807715,0.203757657,584040.0415
NLA17_AL-10005,1,-1.43,-11.6,-0.16,0.137,0.142342954,0.381210024,57392.2513
NLA17_AL-10008,1,-1.57,-13.21,-0.65,0.113,0.23306942,0.265385551,366615.1304
NLA17_AL-10018,1,-1.76,-14.73,-0.65,0.121,0.350993242,0.278160413,315314.6175
NLA17_AL-10020,1,-2.12,-12.67,4.29,0.081,0.070641636,0.203859952,12698.3531
NLA17_AL-HP001,1,-1.85,-12.28,2.52,0.117,0.321566454,0.243868311,2469517.18
NLA17_AR-10001,1,-3.01,-15.58,8.5,0.052,0.058928162,0.153022809,1131940.234
NLA17_AR-10002,1,-3.31,-17.83,8.65,0.044,0.076977904,0.040445695,40222209.29
NLA17_AR-10003,1,-2.45,-21.88,-2.28,0.04,NA,0.270264954,NA
NLA17_AR-10004,1,-3,-18.22,5.78,0.069,0.036468621,0.218815771,10313.2785
NLA17_AR-10014,1,-1.86,-13.5,1.38,0.156,0.120618925,0.616168162,74403.6359
NLA17_AR-10016,1,-1.06,-8.58,-0.1,0.222,0.112145129,0.345186693,199649.1685
NLA17_AR-10021,1,-1.48,-11.35,0.49,0.144,0.148870009,0.292217828,182529.2577
NLA17_AR-10022,1,-1.09,-9.07,-0.35,0.171,0.106271488,0.065275684,86689.2586
NLA17_AR-HP001,1,-2.93,-15,8.44,0.062,0.241348147,0.074930617,13777446.13
NLA17_AZ-10001,1,-4.73,-43.8,-5.96,0.21,1.047704534,0.0268829,24368303.98
NLA17_AZ-10002,1,-5.95,-54.4,-6.8,0.306,1.105224523,0.176726971,1756109.417
NLA17_AZ-10003,1,-9.61,-86.2,-9.32,0.245,2.030521753,3.534671946,899606.856
NLA17_AZ-10004,1,-6.65,-57.08,-3.88,0.098,0.159846086,0.225805593,1451988.62
NLA17_AZ-10005,1,-5.28,-48.28,-6.04,0.151,0.356505942,0.271652962,8756682.46
NLA17_AZ-10006,1,-4.31,-41.57,-7.09,0.293,NA,0.233463029,NA
NLA17_AZ-10007,1,-5.69,-55.8,-10.28,0.27,0.782801203,0.093965236,441770.2249
NLA17_AZ-10012,1,2.02,-8.27,-24.43,0.604,4.766866272,0.481823698,3297384.014
NLA17_AZ-10021,1,-7.62,-62.03,-1.07,0.057,0.513872388,0.068538505,1242395.508
NLA17_AZ-10035,1,-4.24,-47.79,-13.87,0.309,0.25130057,0.084780673,58622.3862
NLA17_AZ-10041,1,-9.15,-83,-9.8,0.239,0.071560711,2.653689261,473531.8859
NLA17_AZ-10090,1,-7.84,-60.22,2.5,0.128,0.900228834,0.211808198,955872.2927
NLA17_AZ-10100,1,-8.11,-75.34,-10.46,0.252,3.047983324,0.019476779,5117619
NLA17_CA-10001,1,-4.68,-29.73,7.71,0.076,0.380056573,0.061882241,12158468.05
NLA17_CA-10002,1,-6.51,-42.52,9.56,0.01,0.167466595,0.048418231,58047308.73
NLA17_CA-10003,1,-3.58,-36.21,-7.57,0.381,0.693550314,0.414372553,341817.2028
NLA17_CA-10004,1,-2.57,-52.7,-32.14,0.611,6.863452433,0.297408142,6297286.733
NLA17_CA-10005,1,-5.76,-43.07,3.01,0.138,1.001413511,0.087616302,4770030.811
NLA17_CA-10006,1,-10.93,-76.24,11.2,0,NA,0.012774006,19480.9555
NLA17_CA-10007,1,-4.87,-38.12,0.84,0.211,0.416360668,0.096859036,24564.1811
NLA17_CA-10008,1,-10.63,-76.17,8.87,0.019,0.156731576,0.029280779,343744170.5
NLA17_CA-10009,1,-10.17,-74.79,6.57,0.052,0.19806358,0.037193933,155959812
NLA17_CA-10010,1,-9.76,-67.26,10.82,0,NA,0.043584408,1761764.954
NLA17_CA-10011,1,-5.09,-34.46,6.26,0.127,1.44677588,0.126891583,24542899.16
NLA17_CA-10012,1,-11.46,-79.73,11.95,0,NA,0.011565356,4994973.305
NLA17_CA-10020,1,-12.75,-98.66,3.34,0.053,0.288545573,0.479437101,311788.2277
NLA17_CA-10021,1,0.32,-16.69,-19.25,0.436,1.153750761,0.760638227,27889.2499
NLA17_CA-10033,1,-11.37,-83.78,7.18,0.082,0.865592921,0.13038252,703499.1268
NLA17_CA-10035,1,-6.15,-65.45,-16.25,0.45,0.384108302,0.068238347,40885.0099
NLA17_CA-10052,1,-11.41,-85.9,5.38,0.083,1.254023083,0.160072235,842507.4935
NLA17_CA-10054,1,-3.2,-26.34,-0.74,0.237,1.912885903,0.15470665,11881089.52
NLA17_CA-10055,1,-2.1,-19.63,-2.83,0.521,1.192564155,0.281228746,418879.4551
NLA17_CA-10062,1,-0.06,-38.13,-37.65,0.926,0.311006097,0.254306947,39619.8724
NLA17_CA-10064,1,-2.5,-23.65,-3.65,0.487,0.93106818,0.016729602,549640.6448
NLA17_CA-10068,1,-10.75,-75.81,10.19,0,NA,0.066518086,576721.3506
NLA17_CA-10069,1,-0.27,-22.57,-20.41,0.637,0.632382681,0.181412013,43399.9797
NLA17_CA-10081,1,-0.58,-20.05,-15.41,0.559,4.052802246,0.265904827,1576125.079
NLA17_CA-10082,1,-6.72,-56.08,-2.32,0.102,NA,0.372996054,NA
NLA17_CA-10089,1,-9.06,-83.38,-10.9,0.228,0.851518209,0.07890598,872371.539
NLA17_CA-HP001,1,-10.5,-79.79,4.21,0.113,0.448274827,0.117773223,62716.5125
NLA17_CA-HP002,1,-10.05,-76.5,3.9,0.125,1.274932641,0.045564471,1028858.354
NLA17_CO-10002,1,-13.14,-104.7,0.42,0.143,0.415893163,0.7849926,4400102.387
NLA17_CO-10003,1,-14.86,-107.04,11.84,0,NA,0.138667616,2505556.5
NLA17_CO-10004,1,-6.96,-71.96,-16.28,0.441,1.531104904,0.861519198,1710563.651
NLA17_CO-10005,1,-9.15,-85.97,-12.77,0.373,1.36786934,1.105652818,460190.5838
NLA17_CO-10006,1,-14.01,-106.28,5.8,0.074,0.922890868,0.361027921,756347.474
NLA17_CO-10007,1,-10.71,-90.92,-5.24,0.257,1.202960369,0.92622994,19087219.68
NLA17_CO-10008,1,-8.59,-74.58,-5.86,0.225,0.633466685,0.586836258,1051320.156
NLA17_CO-10009,1,-13.5,-103.51,4.49,0.1,0.845424189,0.406906025,186231.2509
NLA17_CO-10010,1,-5.29,-33.24,9.08,0.031,0.078974818,0.091536664,146664.7595
NLA17_CO-10011,1,-17.28,-126.78,11.46,0,NA,0.295875835,70734.0316
NLA17_CO-10019,1,-14.99,-116.01,3.91,0.022,0.205488227,0.465359228,34531.446
NLA17_CO-10020,1,-17.9,-130.4,12.8,0,NA,0.3016413,32708.2634
NLA17_CO-10022,1,-6.37,-70.14,-19.18,0.472,1.574941345,1.078656818,401700.3181
NLA17_CO-10024,1,-14.45,-111.49,4.11,0.089,1.179626283,0.935069652,6637447.223
NLA17_CO-10037,1,-10.68,-88.66,-3.22,0.177,0.161331955,0.084497608,83382.0604
NLA17_CO-10038,1,-16.93,-123.71,11.73,0,NA,0.240761469,560097.2391
NLA17_CO-10043,1,-13.11,-105.43,-0.55,0.11,0.812873563,0.450762598,45025.8075
NLA17_CO-10050,1,-10.11,-84.87,-3.99,0.231,1.388797817,0.82783679,535434.1978
NLA17_CO-10051,1,-15.28,-109.4,12.84,0,NA,0.131365779,43096.533
NLA17_CO-10053,1,-13.17,-103.37,1.99,0.028,0.19815664,0.591783081,548251.7784
NLA17_CO-10055,1,-10.05,-90.25,-9.85,0.281,0.290202584,0.488651609,41094.5144
NLA17_CO-10057,1,-4.42,-60.55,-25.19,0.193,0.382012064,1.027629772,209591.4118
NLA17_CO-10058,1,-14.73,-112.33,5.51,0.065,4.752675428,1.393441347,331330.0792
NLA17_CO-HP002,1,-16.23,-123.42,6.42,0.06,2.590679229,0.305169533,23036688.62
NLA17_CO-HP003,1,-15.74,-114.75,11.17,0,NA,0.159745791,106858.6217
NLA17_CT-10001,1,-7.3,-49.32,9.08,0.03,0.031428343,0.109772127,130612.3211
NLA17_CT-10002,1,-7.02,-48.14,8.02,0.069,0.41231471200000003,0.231546146,2194880.986
NLA17_CT-10003,1,-4.22,-33.41,0.35,0.263,3.295865449,0.306228535,7618879.026
NLA17_CT-10004,1,-6.57,-42.14,10.42,0,NA,0.12763104,4718185.533
NLA17_CT-10005,1,-6.56,-44.46,8.02,0.055,0.205842909,0.261491805,448260.6523
NLA17_CT-10006,1,-5.77,-41.58,4.58,0.151,2.737724435,0.157670764,244853.7395
NLA17_CT-10010,1,-6.49,-44.72,7.2,0.075,0.674225153,0.006850403,22758419.86
NLA17_CT-10019,1,-5.44,-36.45,7.07,0.093,0.278088786,0.045745536,36261.3074
NLA17_CT-10021,1,-7.24,-47.98,9.94,0.002,0.01094579,0.057320824,142642.7027
NLA17_CT-10023,1,-3.82,-27.92,2.64,0.249,1.293312573,0.249963299,1238989.974
NLA17_CT-HP001,1,-6.22,-40.23,9.53,0.014,0.07701169,0.207813854,363869.3842
NLA17_DE-10001,1,-4.92,-32.18,7.18,0.07,0.03077537,0.279318997,226783.1296
NLA17_DE-10002,1,-1.17,-30.34,-20.98,0.21,0.085174982,0.042399942,90349.6918
NLA17_DE-10003,1,-5.09,-31.8,8.92,0.034,0.01307732,0.044934095,107801.0483
NLA17_DE-10004,1,-5.29,-30.59,11.73,0.03,0.008477227,0.119117757,55182.871400000004
NLA17_DE-10005,1,-5.88,-34.64,12.4,0,NA,0.08043609,71357.3931
NLA17_DE-10006,1,-5.29,-31.78,10.54,0,NA,0.006400956,12174.8484
NLA17_DE-10011,1,-4.47,-27.79,7.97,0.075,0.046810784,0.359079941,10581.2391
NLA17_FL-10001,1,2.1,14.08,-2.72,0.556,0.210230518,0.210261326,771024983.5
NLA17_FL-10002,1,-1.83,-11.61,3.03,0.075,0.187630564,0.067323614,88470570.45
NLA17_FL-10003,1,1.87,7.15,-7.81,0.346,0.363032882,0.219991948,306950.622
NLA17_FL-10004,1,2.99,16.47,-7.45,0.613,0.654101836,0.29710761,3805669.318
NLA17_FL-10005,1,3.19,18.4,-7.12,0.92,0.882727865,0.117705276,70756363.66
NLA17_FL-10006,1,1.86,8,-6.88,0.35,0.201368851,0.057350839,24422620.73
NLA17_FL-10007,1,0.78,1.11,-5.13,0.201,0.193650697,0.277076258,22185.8807
NLA17_FL-10008,1,1.21,7.13,-2.55,0.326,0.220305415,0.148929383,4931719.65
NLA17_FL-10011,1,-0.47,-3.08,0.68,0.116,0.408893661,0.202336076,737600.1826
NLA17_FL-10015,1,2.61,8.97,-11.91,0.337,0.462104229,0.272465949,24821.1417
NLA17_FL-10020,1,-0.41,-3.53,-0.25,0.115,0.715034028,0.213207322,2574482.301
NLA17_FL-10029,1,-1.69,-10.99,2.53,0.037,0.122088191,0.229713411,179928.8551
NLA17_FL-10030,1,2.2,10.08,-7.52,0.407,1.220555256,0.37780531,318248.5787
NLA17_FL-10034,1,1.95,2.79,-12.81,0.337,0.299325225,0.277147527,40651.0151
NLA17_FL-10035,1,6.48,27.59,-24.25,1.008,0.303790062,0.129127218,11786.4216
NLA17_FL-10038,1,-0.63,-6.36,-1.32,0.15,0.295653367,0.340817515,87299.569
NLA17_FL-10042,1,0.07,-1.61,-2.17,0.128,0.108360405,0.240100265,81538.8265
NLA17_FL-HP002,1,2.56,11.64,-8.84,0.68,0.576852525,0.22431237,6536148.283
NLA17_GA-10001,1,1.33,5.3,-5.34,0.282,0.242572852,0.314962574,92525.73
NLA17_GA-10002,1,-1.53,-11.6,0.64,0.166,0.103976444,0.249795734,32173.7639
NLA17_GA-10003,1,-3.2,-18.41,7.19,0.04,0.071293023,0.135601914,562102.0537
NLA17_GA-10004,1,-3.41,-20.41,6.87,0.078,0.382144822,0.075552523,154744017.8
NLA17_GA-10005,1,-1.13,-11.51,-2.47,0.18,0.185202896,0.145622768,24877.9738
NLA17_GA-10008,1,1.72,1.78,-11.98,0.572,1.193412869,0.358357407,53772.2214
NLA17_GA-10020,1,-0.77,-8.44,-2.28,0.194,0.101888966,0.300340641,10318.6628
NLA17_GA-10022,1,0.64,-3.77,-8.89,0.321,0.397078357,0.280172396,172153.7512
NLA17_GA-10023,1,-2.81,-14.84,7.64,0.082,0.153853054,0.224719689,2037448.35
NLA17_GA-10026,1,-3.05,-18.82,5.58,0.097,0.135968953,0.17715166,187306.3731
NLA17_GA-10039,1,-2.84,-17.94,4.78,0.127,0.259683764,0.134309128,306568.5946
NLA17_GA-HP001,1,1.97,4.03,-11.73,0.43,0.2378384,0.261995193,19265199.35
NLA17_GA-HP002,1,-5.11,-25.19,15.69,0.07,0.752081646,0.019387209,19087971.11
NLA17_IA-10001,1,-4.79,-36.7,1.62,0.23,0.750281998,0.347021702,8245780.08
NLA17_IA-10002,1,-3.1,-28.55,-3.75,0.41,0.74841949,0.539771524,2220186.607
NLA17_IA-10003,1,-3.34,-27.87,-1.15,0.209,0.676476501,0.396881247,1162267.116
NLA17_IA-10004,1,-3.85,-35.78,-4.98,0.265,0.294155824,0.433574017,151203.1575
NLA17_IA-10005,1,-3.71,-31.54,-1.86,0.316,0.650212937,0.401897189,5902147.842
NLA17_IA-10006,1,-4.39,-37.94,-2.82,0.218,0.108179418,0.401237338,170443.5299
NLA17_IA-10007,1,-2.36,-22.93,-4.05,0.264,0.870566615,0.532352033,849615.6131
NLA17_IA-10028,1,-3.32,-25.76,0.8,0.262,0.41570785,0.605866095,51173.2267
NLA17_IA-10029,1,-4.92,-34.9,4.46,0.112,0.251328399,0.30118856,29410.7256
NLA17_IA-10030,1,-0.28,-16.71,-14.47,0.875,0.590818284,0.564385122,7410.448
NLA17_IA-10031,1,-3.72,-28.92,0.84,0.293,0.988722107,0.593605099,73898.8762
NLA17_IA-10034,1,-6.24,-41.16,8.76,0.045,0.140342442,0.231292737,240310.7269
NLA17_IA-10038,1,-5.14,-37.89,3.23,0.21,0.431518258,0.459898361,94050.3334
NLA17_IA-10039,1,-1.03,-13.96,-5.72,0.63,0.992806598,0.380783656,480857.4164
NLA17_IA-10041,1,-1.83,-20.53,-5.89,0.288,0.671711255,0.499608949,70898.2107
NLA17_IA-HP001,1,-4.08,-33.5,-0.86,0.228,2.053120551,0.608986393,156227.7858
NLA17_IA-HP002,1,-3.26,-28.1,-2.02,0.193,0.669898441,0.481337109,748112.1939
NLA17_ID-10001,1,-15.02,-114.37,5.79,0.015,0.052881237,0.202326485,4385648.35
NLA17_ID-10002,1,-16.76,-126.03,8.05,0.03,0.180239071,0.05571616,130701016.5
NLA17_ID-10003,1,-12.75,-102.45,-0.45,0.076,0.113849445,0.265246196,593124.541
NLA17_ID-10004,1,-11.8,-95.45,-1.05,0.087,0.235316295,0.173062464,6802809.635
NLA17_ID-10005,1,-14.19,-113.3,0.22,0.034,0.16110517,0.34565165,1740751.368
NLA17_ID-10006,1,-13.5,-110.23,-2.23,0.064,0.230866969,0.182711931,458474.1343
NLA17_ID-10007,1,-17,-128.93,7.07,0.047,0.054691621,0.141109638,150868.6027
NLA17_ID-10010,1,-15.15,-113.59,7.61,0.007,0.069327428,0.194473719,2415124.597
NLA17_ID-10011,1,-14.25,-112.08,1.96,0.058,0.374765702,0.460843058,18225810.84
NLA17_ID-10012,1,-14.57,-110.94,5.62,0.083,0.260335118,0.227719787,118621.1746
NLA17_ID-10017,1,-13.04,-101.16,3.16,0.049,0.558175934,0.103245455,10658365.26
NLA17_ID-10030,1,-16.23,-121.56,8.28,0.024,0.33049894,0.111954115,7688224.655
NLA17_ID-10032,1,-15.17,-120.22,1.14,0.114,0.561963293,0.150947386,12768533.73
NLA17_ID-10054,1,-6.39,-79.21,-28.09,0.441,4.621057774,0.328903171,65933.7412
NLA17_ID-10059,1,-8.69,-90.58,-21.06,0.184,1.542873405,1.40938366,984226.8441
NLA17_ID-10062,1,-16.7,-127.78,5.82,0.074,0.183014599,0.092646901,13514.2642
NLA17_ID-10071,1,-16.95,-127.69,7.91,0.004,0.497190206,0.187241957,66478869.37
NLA17_ID-10075,1,-10.87,-97.39,-10.43,0.117,4.442769862,0.99652448,935648.2328
NLA17_ID-10084,1,-16.04,-121.24,7.08,0.011,0.070065904,0.151665969,89040128.2
NLA17_ID-10086,1,-11.41,-100.86,-9.58,0.144,2.046247289,0.204653574,728602.7161
NLA17_ID-10088,1,-14.91,-113.83,5.45,0.076,1.039463091,0.650764192,853146.8517
NLA17_ID-10147,1,-17.53,-134.07,6.17,0.052,0.647819478,1.41818695,10379.057
NLA17_ID-10168,1,-14.26,-104.47,9.61,0.008,0.015287648,0.026838579,345268.9657
NLA17_ID-10172,1,-10.09,-90.19,-9.47,0.201,0.890111597,0.324406369,166267.4444
NLA17_ID-10173,1,-13.77,-111.48,-1.32,0.058,0.211434853,0.211073917,311365.0453
NLA17_ID-10175,1,-11.3,-104.34,-13.94,0.116,0.240123271,0.269623078,7128385.191
NLA17_ID-HP001,1,-16.01,-126.34,1.74,0.152,0.150193383,0.204236553,58205.6572
NLA17_ID-HP002,1,-17.17,-130.13,7.23,0.048,0.946492612,0.160126331,6833995.863
NLA17_IL-10001,1,-2.12,-20.58,-3.62,0.324,1.556631549,0.295154463,2841496.099
NLA17_IL-10002,1,-4.81,-32.97,5.51,0.07,0.238145493,0.357780508,1036667.991
NLA17_IL-10003,1,-3.77,-28.7,1.46,0.044,0.219249004,0.356414325,159724.4763
NLA17_IL-10004,1,-2.26,-22.3,-4.22,0.209,1.410917007,0.42731541,3635238.208
NLA17_IL-10005,1,0.29,-5.79,-8.11,0.371,0.420953876,0.25482064,17417.3813
NLA17_IL-10006,1,-0.67,-14.29,-8.93,0.41,0.992437295,0.41651152,30084.7458
NLA17_IL-10007,1,-2.49,-18.79,1.13,0.14,0.421035904,0.356249571,303932.4081
NLA17_IL-10009,1,-3.83,-27.9,2.74,0.119,0.507606839,0.469663787,622485.8032
NLA17_IL-10010,1,-1.85,-18.03,-3.23,0.188,0.852992465,0.350537864,50833.6537
NLA17_IL-10011,1,-5.08,-31.7,8.94,0.033,0.473936875,0.371036808,432120.7361
NLA17_IL-10012,1,-0.68,-14.58,-9.14,0.393,1.215204452,0.58440144,275036.7976
NLA17_IL-10013,1,-4.67,-32.16,5.2,0.102,0.180202453,0.410099146,152616.8213
NLA17_IL-10021,1,-1.88,-15.83,-0.79,0.141,1.037453981,0.316517379,1944738.783
NLA17_IL-HP001,1,-4.68,-34.61,2.83,0.128,0.403756249,0.333218927,407433.2287
NLA17_IN-10002,1,-2.08,-15.44,1.2,0.21,0.520583676,0.33545722,217941.8486
NLA17_IN-10003,1,-5.51,-37.75,6.33,0.086,1.739941918,0.105746772,44089353.61
NLA17_IN-10004,1,-5.49,-39.83,4.09,0.145,1.702048636,0.164986745,31730627.12
NLA17_IN-10005,1,-7.01,-46.02,10.06,0,NA,0.126974711,1725485.288
NLA17_IN-10006,1,-2.46,-21.69,-2.01,0.226,0.879537408,0.384966551,185416.44
NLA17_IN-10008,1,-4.3,-31.34,3.06,0.145,0.604354729,0.234009278,2768351.535
NLA17_IN-10009,1,-3.98,-25.12,6.72,0.115,0.251564399,0.139732056,46403436.41
NLA17_IN-10010,1,-5.09,-37.51,3.21,0.138,0.593666423,0.16523775,7413366.525
NLA17_IN-10011,1,-5.46,-38.22,5.46,0.086,0.331866909,0.218297403,1291280.066
NLA17_IN-10012,1,-4.8,-28.69,9.71,0.008,0.025421329,0.09271017,11278347.79
NLA17_IN-10013,1,-1.01,-12.9,-4.82,0.301,0.091322977,0.314379927,25198.1932
NLA17_IN-10026,1,-5.2,-32.25,9.35,0.021,0.02777591,0.092607423,70908.3747
NLA17_IN-10028,1,-4.07,-31.97,0.59,0.157,0.929321968,0.272233147,7781277.59
NLA17_IN-10029,1,-6.53,-42.85,9.39,0.017,0.095123899,0.123346361,2941368.555
NLA17_IN-10031,1,-6.17,-42.43,6.93,0.042,0.379959646,0.126541368,1378812.718
NLA17_IN-10032,1,-4.9,-36.07,3.13,0.102,0.417198973,0.237292514,3566339.192
NLA17_IN-10037,1,-3.46,-28.89,-1.21,0.228,1.076502467,0.131896621,5353878.604
NLA17_IN-10039,1,-3.48,-23.05,4.79,0.124,0.322255281,0.252644781,1168553.487
NLA17_IN-10047,1,-4.5,-27.52,8.48,0.047,0.188211033,0.224603663,1412568.303
NLA17_IN-10051,1,-7.63,-50.4,10.64,0.003,0.029092018,0.236046147,100373.6045
NLA17_IN-10053,1,-6.77,-46.3,7.86,0.03,0.143768896,0.015463256,382030.0192
NLA17_IN-10055,1,-4.74,-35.46,2.46,0.129,0.980176669,0.152681021,3814953.9
NLA17_IN-10067,1,-3.23,-31.12,-5.28,0.253,0.945430662,0.403429191,161687.3126
NLA17_IN-10068,1,-2.99,-24.88,-0.96,0.236,0.806562103,0.360545508,53710.1588
NLA17_IN-10070,1,-2.86,-22.38,0.5,0.157,1.253163571,0.698474822,371530.2159
NLA17_IN-10072,1,-3.84,-29.69,1.03,0.207,1.885819018,0.308064038,67267145.25
NLA17_IN-10076,1,-3.81,-27.28,3.2,0.133,0.145440848,0.144797121,22651.1112
NLA17_IN-10077,1,-1.12,-17.95,-8.99,0.23,0.215501707,0.368832581,12267.6074
NLA17_IN-10082,1,-6.23,-44.42,5.42,0.093,0.653780263,0.062458102,1175789.212
NLA17_IN-10085,1,-3,-20.1,3.9,0.15,0.632455687,0.345188218,475345.2004
NLA17_IN-10089,1,-2.78,-23.76,-1.52,0.238,0.859089875,0.317728839,39452.6181
NLA17_IN-10094,1,-2.68,-23.38,-1.94,0.296,0.800395416,0.429913823,110325.6445
NLA17_IN-10096,1,-1.73,-15.85,-2.01,0.288,0.444783401,0.305372044,12653.7891
NLA17_IN-10099,1,-5.56,-38.15,6.33,0.067,0.196122622,0.404376756,17971.0399
NLA17_IN-10100,1,-8.01,-51.76,12.32,0,NA,0.022208683,41329.4227
NLA17_IN-10102,1,-2.96,-20.28,3.4,0.178,0.207370251,0.258561447,286613.7521
NLA17_IN-10105,1,-2.9,-24.51,-1.31,0.169,0.484221213,0.393247213,141439.335
NLA17_IN-10108,1,-2.65,-20.48,0.72,0.147,0.606533725,0.374552488,53063.0686
NLA17_IN-10109,1,-8.98,-62.45,9.39,0.011,0.497686523,0.386153865,119579.0757
NLA17_IN-10120,1,-3.36,-30.71,-3.83,0.227,2.690772223,0.337975406,449779.008
NLA17_IN-10122,1,-4.14,-27.57,5.55,0.096,0.274538847,0.350894753,104186.2932
NLA17_IN-10123,1,-3.11,-23.58,1.3,0.169,0.404312701,0.154317558,48803.2124
NLA17_IN-10125,1,-1.5,-16.89,-4.89,0.43,0.156983276,0.233564764,8381.4953
NLA17_IN-10126,1,-1.04,-14.67,-6.35,0.375,0.745200376,0.294078137,113392.9774
NLA17_IN-10129,1,-6.57,-45.89,6.67,0.069,0.288353158,0.007197287,246062.9973
NLA17_IN-10132,1,-3.29,-25.17,1.15,0.144,0.367866931,0.362063431,544332.9265
NLA17_IN-10133,1,-2.65,-19.84,1.36,0.184,2.281577941,0.358594078,270550.9275
NLA17_IN-10134,1,-5.8,-35.52,10.88,0,NA,0.009981366,6517.3799
NLA17_IN-10136,1,-1.71,-18.54,-4.86,0.255,0.660660675,0.383753472,24431.3715
NLA17_IN-10138,1,-3.96,-30.13,1.55,0.13,0.32376711,0.308974394,38096.3138
NLA17_IN-10139,1,-2.01,-22.45,-6.37,0.234,0.124533405,0.260398516,18667.0677
NLA17_IN-10140,1,-1.88,-16.65,-1.61,0.167,0.394647252,0.451516942,93834.4976
NLA17_IN-10141,1,-3.39,-27.88,-0.76,0.235,1.118733936,0.339255321,295278.3108
NLA17_IN-10142,1,-2.54,-21.68,-1.36,0.212,0.35149393,0.165784172,39436.9853
NLA17_IN-10161,1,-1.94,-22.04,-6.52,0.372,3.516140522,0.156400425,644967.7424
NLA17_IN-10171,1,-2.27,-18.5,-0.34,0.336,0.225461725,0.082691372,55183.0463
NLA17_IN-10173,1,-0.46,-13.29,-9.61,0.382,0.778586558,0.158107123,21508.9329
NLA17_IN-10175,1,-5.45,-40.18,3.42,0.122,1.491288531,0.137570306,2971538.599
NLA17_KS-10001,1,-4.47,-32.22,3.54,0.17,0.256416282,0.573085487,128157.39
NLA17_KS-10002,1,-2.56,-13.07,7.41,0.104,0.148564389,0.276808381,163669.393
NLA17_KS-10003,1,-3.96,-27.81,3.87,0.124,0.144795175,0.337994924,153728.4453
NLA17_KS-10004,1,-2.11,-19.94,-3.06,0.288,0.138253088,0.456219909,194384.6315
NLA17_KS-10005,1,-4.53,-30.09,6.15,0.085,0.153559249,0.352554002,60863.4133
NLA17_KS-10006,1,-4.81,-31.01,7.47,0.072,0.056513519,0.35967953,78799.2359
NLA17_KS-10007,1,-2.93,-23.43,0.01,0.163,0.912988046,0.287464294,5718439.916
NLA17_KS-10010,1,0.04,-6.29,-6.61,0.602,0.440891113,0.566705876,49549.4437
NLA17_KS-10011,1,-3.06,-28.41,-3.93,0.218,0.726186322,0.610845726,95469.9877
NLA17_KS-10025,1,-3.07,-20.32,4.24,0.181,0.054592122,0.207867758,11393.3218
NLA17_KS-10028,1,-3.17,-27.48,-2.12,0.296,0.520957999,0.575303677,20049.7897
NLA17_KS-10033,1,-3.2,-21.41,4.19,0.183,0.219875156,0.40003548,11237.767
NLA17_KS-10034,1,-3.07,-20.64,3.92,0.222,0.792811785,0.347738775,4585302.433
NLA17_KS-10035,1,-3.41,-22.56,4.72,0.149,0.089413937,0.459569824,8652.2936
NLA17_KS-10041,1,-3.23,-24.87,0.97,0.126,0.35037627,0.274677141,1030331.497
NLA17_KS-HP001,1,-3.5,-18.48,9.52,0.017,0.061313276,0.345420818,896696.5076
NLA17_KS-HP002,1,-3.33,-20.71,5.93,0.13,0.328917428,0.284850784,3769001.905
NLA17_KS-HP003,1,-3.26,-25.79,0.29,0.253,0.750429979,0.293450784,83229377.5
NLA17_KY-10001,1,-4.55,-29.11,7.29,0.101,1.113968215,0.206741585,7780265.646
NLA17_KY-10002,1,-4.61,-30.51,6.37,0.127,1.056553981,0.293447794,4376095.705
NLA17_KY-10003,1,-2.1,-14.47,2.33,0.158,0.073748529,0.298176744,22269.2957
NLA17_KY-10004,1,-2.38,-17.24,1.8,0.137,0.043796724,0.194333432,44663.0417
NLA17_KY-10006,1,-3.88,-24.05,6.99,0.108,0.395967582,0.295066567,409588.2788
NLA17_KY-10017,1,-2.4,-19.57,-0.37,0.155,0.291180432,0.391401848,16857.1669
NLA17_KY-10023,1,-3.88,-24.7,6.34,0.084,0.254261715,0.332069268,304304.1445
NLA17_KY-10024,1,-4.66,-28.25,9.03,0.032,0.056333018,0.235037064,857408.8283
NLA17_KY-10027,1,-2.33,-18.6,0.04,0.303,1.260031224,0.31342649,1306891.795
NLA17_LA-10001,1,0.22,-1.21,-2.97,0.305,0.449211051,0.247853858,6857819.965
NLA17_LA-10002,1,-2.75,-17.48,4.52,0.022,0.061543155,0.119940557,10459461.52
NLA17_LA-10004,1,-2.45,-18.56,1.04,0.269,0.159105807,0.065261693,103300095
NLA17_LA-10006,1,-2.12,-14.92,2.04,0.053,0.024358543,0.124089799,711164.9736
NLA17_LA-10007,1,-2.49,-16.66,3.26,0.033,0.011539708,0.180341392,44097.3441
NLA17_LA-10015,1,0.38,-2.32,-5.36,0.315,0.338362059,0.284752266,541799.8118
NLA17_LA-10018,1,-3.14,-26.28,-1.16,0.299,0.076201108,0.274847686,14072.1531
NLA17_LA-10024,1,1.11,1.15,-7.73,0.368,0.452966392,0.244197105,74191.2135
NLA17_LA-10046,1,-3.42,-24.78,2.58,0.199,0.143422197,0.251547906,12384.5365
NLA17_LA-10075,1,-2.37,-21.56,-2.6,0.39,0.350828381,0.227866602,62462.6063
NLA17_LA-10108,1,-1.4,-9.01,2.19,0.137,0.185952583,0.169840613,20534.3281
NLA17_LA-10155,1,1.81,5.97,-8.51,0.549,1.870714037,0.410895651,1061710.767
NLA17_LA-10231,1,-0.35,-7.13,-4.33,0.186,0.048542309,0.315476914,64225.6652
NLA17_LA-10303,1,-0.04,-0.05,0.27,0.308,0.258587996,0.183519003,5687925.102
NLA17_MA-10001,1,-4.44,-32.37,3.15,0.152,0.280587954,0.218018269,185844.0842
NLA17_MA-10002,1,-4.89,-34.05,5.07,0.162,0.092260797,0.134628712,760644.1638
NLA17_MA-10003,1,-6.29,-47.5,2.82,0.148,0.206582522,0.224810404,461662.0163
NLA17_MA-10004,1,-7.08,-49.98,6.66,0.061,0.327106894,0.063828484,4674999.515
NLA17_MA-10005,1,-1.89,-24.33,-9.21,0.441,2.959859596,0.324980419,512365.8643
NLA17_MA-10007,1,-5.6,-39.62,5.18,0.111,0.059563765,0.253850485,14838.9051
NLA17_MA-10017,1,-4.11,-34.08,-1.2,0.267,0.268538073,0.015265115,11330.3329
NLA17_MA-10018,1,-6.82,-47.47,7.09,0.059,0.029862397,0.196676184,7576.8199
NLA17_MA-10019,1,-4.2,-28.38,5.22,0.179,1.151403243,0.141090814,848611.1264
NLA17_MA-10022,1,-2.84,-31,-8.28,0.346,0.92386276,0.405676623,150665.7788
NLA17_MA-HP001,1,-7.87,-53,9.96,0.001,0.04735559,0.165422343,402848.9455
NLA17_MD-10001,1,-5.37,-37.8,5.16,0.141,0.80031669,0.294633265,3317509.644
NLA17_MD-10002,1,-7.87,-52.4,10.56,0,NA,0.189851329,71211.7367
NLA17_MD-10003,1,-6.16,-38.54,10.74,0.018,0.020446266,0.340023922,681829.677
NLA17_MD-10004,1,-2.85,-20.88,1.92,0.071,0.012674346,0.384076112,1874.1966
NLA17_MD-10015,1,-6.54,-42.7,9.62,0.009,0.071367431,0.470662625,57806.6375
NLA17_MD-10026,1,-4.72,-33.34,4.42,0.12,0.465679738,0.367484599,3437195.708
NLA17_MD-10034,1,-5.23,-32.71,9.13,0.027,0.021005903,0.363213144,73231.5304
NLA17_MD-10038,1,-3.52,-27.79,0.37,0.114,0.0793438,0.52783952,25068.1256
NLA17_ME-10001,1,-7.2,-51.6,6,0.133,0.215170935,0.153432774,948269.6113
NLA17_ME-10002,1,-5.79,-42.39,3.93,0.246,1.892177871,0.265013895,3633686.317
NLA17_ME-10003,1,-11.31,-81.19,9.29,0.022,0.326578222,0.121736287,21450340.85
NLA17_ME-10004,1,-7.01,-58.91,-2.83,0.218,0.349615738,0.300557487,400468.5558
NLA17_ME-10006,1,-6.13,-45.87,3.17,0.193,2.337532281,0.278075756,37857579.08
NLA17_ME-10007,1,-9.37,-66.5,8.46,0.053,0.252442833,0.179760174,85383.0532
NLA17_ME-10009,1,-6.37,-47.44,3.52,0.184,1.246388166,0.268585805,1208802.318
NLA17_ME-10010,1,-8.52,-61.59,6.57,0.1,0.451229712,0.045054728,571902.5003
NLA17_ME-10011,1,-7.11,-53.56,3.32,0.097,0.320014812,0.161906811,351119.8648
NLA17_ME-10014,1,-6.07,-43.94,4.62,0.199,0.321697434,0.301138437,57819.6046
NLA17_ME-10016,1,-4.89,-53.51,-14.39,0.403,0.170950633,0.302589855,8175.07
NLA17_ME-10018,1,-5.94,-44.48,3.04,0.204,0.3534268,0.239466462,344596.9838
NLA17_ME-10019,1,-7.51,-60.11,-0.03,0.19,0.081110042,0.286763933,39544.7308
NLA17_ME-10020,1,-8.61,-61.08,7.8,0.075,0.100985478,0.041268405,1017995.411
NLA17_ME-10021,1,-7.27,-54.33,3.83,0.086,0.097187726,0.121687347,231162.5604
NLA17_ME-10023,1,-7.5,-59.5,0.5,0.187,0.269828421,0.364420422,129844.2014
NLA17_ME-10025,1,-9.45,-71.95,3.65,0.088,2.427693141,0.229002196,387562855.4
NLA17_ME-10029,1,-8.78,-63.19,7.05,0.099,0.24493079,0.189651898,2224409.765
NLA17_ME-10030,1,-7,-52.95,3.05,0.166,0.734772593,0.384469782,190814.5046
NLA17_ME-10038,1,-5.82,-43.74,2.82,0.249,0.580746885,0.105464096,194461.5745
NLA17_ME-10039,1,-10.15,-75.01,6.19,0.085,0.185890513,0.180978074,137168.7115
NLA17_ME-10040,1,-9.39,-68.21,6.91,0.092,0.476793402,0.083935106,1965742.126
NLA17_ME-10042,1,-6.77,-49.49,4.67,0.169,0.22531108,0.068066797,259522.2226
NLA17_ME-10043,1,-8.08,-58.1,6.54,0.102,0.766142287,0.350571541,138131.8158
NLA17_ME-HP001,1,-7.45,-58.85,0.75,0.16,3.373225098,0.258694819,15429293.77
NLA17_ME-HP002,1,-9.68,-73.02,4.42,0.031,0.231479656,0.227533788,1858776.256
NLA17_ME-HP003,1,-6.54,-51.44,0.88,0.133,0.781188356,0.224955567,902089.6773
NLA17_MI-10001,1,-2.47,-29.11,-9.35,0.435,1.735450748,0.296134856,527104.0753
NLA17_MI-10002,1,-9.46,-63.33,12.35,0,NA,0.018707511,9882352.466
NLA17_MI-10003,1,-5.24,-40.59,1.33,0.133,0.614228123,0.280081945,3195356.811
NLA17_MI-10004,1,-3.2,-33.02,-7.42,0.405,2.574994751,0.458877778,1242824.09
NLA17_MI-10005,1,-3.26,-28.52,-2.44,0.351,0.650549985,0.380205116,1673544.422
NLA17_MI-10006,1,-5.58,-43.4,1.24,0.213,1.321093726,0.104960832,454940.9705
NLA17_MI-10007,1,-7.39,-48.65,10.47,0,NA,0.06445205,8309150.38
NLA17_MI-10008,1,-5.99,-53,-5.08,0.226,3.043530839,0.338030575,3911199.384
NLA17_MI-10009,1,-7.2,-53,4.6,0.181,1.541174778,0.31155402,5226308.055
NLA17_MI-10010,1,-9.89,-73.78,5.34,0.042,0.272334785,0.189522704,36328565.42
NLA17_MI-10011,1,-5.77,-46.17,-0.01,0.14,0.417122997,0.441135463,253876.3296
NLA17_MI-10012,1,-3.28,-37.13,-10.89,0.548,1.343692408,0.492200441,149624.1247
NLA17_MI-10013,1,-3.69,-32.89,-3.37,0.291,1.939753504,0.16216908,2791585.859
NLA17_MI-10014,1,-4.9,-50.81,-11.61,0.175,1.116932574,0.295302933,52040.4779
NLA17_MI-10015,1,-6.91,-51.31,3.97,0.113,0.305245013,0.283045206,16303761.56
NLA17_MI-10016,1,-5.58,-46.65,-2.01,0.229,3.09113893,0.369803305,2077292.97
NLA17_MI-10017,1,-7.67,-53.13,8.23,0.046,0.30800829,0.116027189,1643717.54
NLA17_MI-10018,1,-10.24,-77.65,4.27,0.195,1.890762017,0.334439526,861595.186
NLA17_MI-10019,1,-4.97,-53.04,-13.28,0.344,6.57125455,0.391654217,6318297.837
NLA17_MI-10023,1,-4.25,-40.08,-6.08,0.313,0.44758718,0.402713188,25717.168
NLA17_MI-10025,1,-6.5,-46.79,5.21,0.11,0.26549568,0.433640067,13903.7178
NLA17_MI-10027,1,-8.67,-63.19,6.17,0.035,0.074719157,0.185528051,65658.399
NLA17_MI-10028,1,-7.72,-62.57,-0.81,0.12,0.044727261,0.227119949,9492.8059
NLA17_MI-10029,1,-5.7,-45.48,0.12,0.144,1.060341105,0.471495855,252513.3809
NLA17_MI-10030,1,-2.01,-27.33,-11.25,0.649,4.054542559,0.402682253,786811.5032
NLA17_MI-10035,1,-7.26,-60.45,-2.37,0.225,0.084060551,0.0778357,5162.2685
NLA17_MI-10036,1,-5.96,-55.96,-8.28,0.217,1.276864433,0.462265532,231496.832
NLA17_MI-10073,1,-6.9,-61.71,-6.51,0.141,0.210419892,0.113158667,16399.4871
NLA17_MI-10078,1,-8.26,-56.94,9.14,0.031,0.130495607,0.157216255,414335.2839
NLA17_MI-10083,1,-5.12,-50.15,-9.19,0.378,1.243014526,0.052414109,106745.216
NLA17_MI-10084,1,-4.99,-45.79,-5.87,0.369,2.527280397,0.512100671,241969.5254
NLA17_MI-10087,1,-1.63,-24.32,-11.28,0.616,3.51346528,0.487936892,432927.8179
NLA17_MI-10089,1,-6.29,-51.89,-1.57,0.233,0.124437154,0.194855993,17338.7787
NLA17_MI-10091,1,-1.66,-23.03,-9.75,0.607,0.269223155,0.32958081,27737.5499
NLA17_MI-10092,1,-8.64,-61.71,7.41,0.117,0.365570254,0.054357583,98853.3318
NLA17_MI-10094,1,-3,-35.1,-11.1,0.338,0.124630934,0.444033031,2480.6664
NLA17_MI-10095,1,-4.25,-41.95,-7.95,0.321,2.083558663,0.404615918,91925.1337
NLA17_MI-10097,1,-9.19,-68.36,5.16,0.038,0.175966721,0.276431836,224052.351
NLA17_MI-10099,1,-10.66,-75.36,9.92,0.002,0.043539018,0.305177567,27309.8819
NLA17_MI-10110,1,-6.98,-47.15,8.69,0.037,0.814087015,0.481161338,39065.8781
NLA17_MI-10115,1,-4.4,-49.02,-13.82,0.427,5.433093398,0.372382614,292705.2514
NLA17_MI-10117,1,-10.03,-75.46,4.78,0.091,0.119594262,0.380670349,25812.366
NLA17_MI-10118,1,-6.16,-48.63,0.65,0.168,0.939457692,0.298659612,136419.6901
NLA17_MI-10121,1,-8.53,-72.56,-4.32,0.076,1.103141578,0.17777055,407275.2072
NLA17_MI-10122,1,-3.25,-30.28,-4.28,0.345,0.320288717,0.25361644,7228.411
NLA17_MI-10123,1,-4.65,-37.23,-0.03,0.294,0.797229573,0.331653189,98319.1943
NLA17_MI-10127,1,-4.28,-37.1,-2.86,0.359,0.316798506,0.215627121,7394.2038
NLA17_MI-10133,1,-6.83,-57.36,-2.72,0.171,2.195145188,0.193214818,181814.7796
NLA17_MI-10134,1,-4.54,-38.63,-2.31,0.243,2.223806839,0.42123549,333171.3033
NLA17_MI-10141,1,-9.72,-73.15,4.61,0.192,0.571316346,0.236306032,561704.282
NLA17_MI-HP001,1,-7.33,-51.47,7.17,0.065,0.465748559,0.166988857,716972.4842
NLA17_MN-10001,1,-7.41,-64.1,-4.82,0.302,1.617672363,0.284768513,4143182.787
NLA17_MN-10002,1,-3.73,-30.69,-0.85,0.381,0.522608739,0.360693036,1677466.483
NLA17_MN-10003,1,-1.97,-26.5,-10.74,0.673,0.229113866,0.568942751,154425.1224
NLA17_MN-10004,1,-4.27,-39.86,-5.7,0.425,4.139392829,0.271001862,27652710.82
NLA17_MN-10005,1,-8.75,-66.22,3.78,0.124,0.526241387,0.204928477,892014.8448
NLA17_MN-10006,1,-3.87,-36.95,-5.99,0.63,0.589474496,0.356683283,489980.7037
NLA17_MN-10007,1,-5.98,-55.02,-7.18,0.372,5.792427497,0.488923276,9468330.638
NLA17_MN-10008,1,-6.85,-63.63,-8.83,0.323,0.362817958,0.380226193,241090.572
NLA17_MN-10009,1,-3.58,-31.47,-2.83,0.517,1.036825393,0.447272916,5548135.241
NLA17_MN-10010,1,-3.8,-35.38,-4.98,0.409,2.233036151,0.42799865,2353961.857
NLA17_MN-10011,1,-4.52,-44.72,-8.56,0.444,2.861696218,0.459000704,1310059.392
NLA17_MN-10012,1,-2.08,-31.51,-14.87,1.157,3.267849168,0.568224144,12285642.48
NLA17_MN-10014,1,-9.25,-74.11,-0.11,0.211,0.400231697,0.471133015,385579.1938
NLA17_MN-10016,1,-2.08,-35.21,-18.57,0.977,0.667440004,0.579186469,15940.9952
NLA17_MN-10017,1,-2.27,-29.58,-11.42,0.867,1.345356605,0.475766104,128317.6651
NLA17_MN-10018,1,-9.14,-72.54,0.58,0.168,0.452880057,0.33058591,166882.8175
NLA17_MN-10019,1,-2.5,-37.24,-17.24,0.664,1.696025123,0.482613646,39298.1582
NLA17_MN-10020,1,-5.41,-53.71,-10.43,0.512,2.24798481,0.448685895,254625.9147
NLA17_MN-10021,1,-5.96,-48.17,-0.49,0.198,0.456448648,0.355421173,2007110.943
NLA17_MN-10022,1,-4.88,-44.59,-5.55,0.354,4.405790812,0.469821529,1397485.573
NLA17_MN-10023,1,-2.63,-32.42,-11.38,0.733,1.722140169,0.465711381,304743.5859
NLA17_MN-10025,1,-5.3,-49.23,-6.83,0.517,1.970794869,0.480621894,2251979.429
NLA17_MN-10026,1,-3.67,-33.31,-3.95,0.508,1.384783847,0.435412152,3150775.37
NLA17_MN-10027,1,-4.79,-43.22,-4.9,0.336,1.733723598,0.371990279,2781093.993
NLA17_MN-10028,1,-6.24,-60.08,-10.16,0.406,4.880054974,0.467705166,849038.6609
NLA17_MN-10030,1,-3.01,-30.34,-6.26,0.449,0.532901423,0.499039407,375761.2991
NLA17_MN-10032,1,-9.98,-66.99,12.85,0,NA,0.455451012,25747.198
NLA17_MN-10033,1,-3.41,-44.39,-17.11,0.836,5.377970197,0.746666022,220382.444
NLA17_MN-10034,1,-2.7,-35.68,-14.08,0.722,0.575541398,0.549515425,67176.7605
NLA17_MN-10037,1,-2.6,-32.25,-11.45,0.811,2.926349048,0.57338813,464357.715
NLA17_MN-10038,1,-5.3,-48.94,-6.54,0.409,0.433143598,0.169574312,194044.4183
NLA17_MN-10042,1,-5.37,-46.89,-3.93,0.238,0.457175991,0.298422734,58014.0705
NLA17_MN-10044,1,-7.35,-66.33,-7.53,0.284,0.627137795,0.393384457,182454.8236
NLA17_MN-10045,1,-4.62,-48.81,-11.85,0.523,1.86652147,0.44209726,974987.0481
NLA17_MN-10046,1,-2.87,-31.08,-8.12,0.548,2.199509416,0.419227767,7729353.417
NLA17_MN-10047,1,-2.23,-34.6,-16.76,0.832,2.887150624,0.479844498,192988.6454
NLA17_MN-10048,1,-6.9,-61.53,-6.33,0.393,4.177654832,0.492442054,1687570.058
NLA17_MN-10049,1,-4.26,-44.84,-10.76,0.764,0.563518061,0.546538762,54888.6318
NLA17_MN-10159,1,-8.79,-72.38,-2.06,0.207,0.810510074,0.262174222,1669772.208
NLA17_MN-10161,1,-4.06,-35.33,-2.85,0.415,0.552747559,0.512533135,481998.0247
NLA17_MN-10179,1,-4.51,-48.92,-12.84,0.52,0.501372709,0.605357776,123302.2123
NLA17_MN-10180,1,-5.6,-46.89,-2.09,0.297,0.348520125,0.437468858,238047.1113
NLA17_MN-10183,1,-2.45,-30.05,-10.45,0.591,1.162346236,0.508598613,256776.0086
NLA17_MN-10187,1,-4.19,-46.07,-12.55,0.669,4.264221499,0.474580989,1589733.312
NLA17_MN-10188,1,-2.25,-25.7,-7.7,0.628,0.392730593,0.480423974,60999.7032
NLA17_MN-10189,1,-4.01,-53.61,-21.53,0.487,2.729277006,0.071590717,769278.6836
NLA17_MN-10191,1,-3.09,-38.67,-13.95,0.786,1.51328666,0.571485806,683610.5568
NLA17_MN-10192,1,-5.05,-39.45,0.95,0.303,0.101394096,0.323638061,91440.16
NLA17_MN-10193,1,-6.61,-53.32,-0.44,0.229,0.290006331,0.438960552,25263.2237
NLA17_MN-10194,1,-6.23,-57.65,-7.81,0.462,6.099940489,0.640691221,881367.4048
NLA17_MN-10842,1,-6.21,-56.31,-6.63,0.404,7.556174201,0.452558205,11526596.19
NLA17_MN-HP002,1,-3.3,-44.97,-18.57,0.78,10.18407047,0.969372768,1894066.263
NLA17_MN-HP003,1,-8.25,-62.87,3.13,0.169,3.228869771,0.397705978,2646683.518
NLA17_MN-HP004,1,-4.24,-48.56,-14.64,0.568,1.473016213,0.197381891,41069.6123
NLA17_MO-10001,1,-3.05,-20.14,4.26,0.177,0.285752122,0.358026162,156738.6636
NLA17_MO-10002,1,-3.34,-23.35,3.37,0.164,0.235108518,0.206294564,33841948.35
NLA17_MO-10003,1,-3.67,-26.47,2.89,0.064,0.176498026,0.283855256,2486819.325
NLA17_MO-10004,1,-2.99,-21.44,2.48,0.148,0.572030761,0.157082679,106008946.1
NLA17_MO-10005,1,-1.71,-14.66,-0.98,0.219,0.728581243,0.310751053,1876405.565
NLA17_MO-10006,1,-4.05,-27.63,4.77,0.035,0.08750566,0.250396568,435224.8468
NLA17_MO-10007,1,-1.47,-17.76,-6,0.254,0.595608398,0.402329113,508238.9374
NLA17_MO-10008,1,-2.68,-25.17,-3.73,0.112,0.187674198,0.365011775,33770.7399
NLA17_MO-10009,1,-0.72,-10.62,-4.86,0.222,0.457109496,0.250430258,39397.8956
NLA17_MO-10010,1,-3.15,-26.04,-0.84,0.097,0.084812838,0.32440492,7294.5402
NLA17_MO-10015,1,-2.25,-21.55,-3.55,0.189,0.200655681,0.235484668,16830.5597
NLA17_MO-10027,1,-3.15,-27.51,-2.31,0.076,0.041652867,0.30767486,19694.7475
NLA17_MO-10028,1,-3.31,-23.66,2.82,0.133,0.144899735,0.3117759,19717.2845
NLA17_MO-10036,1,0.08,-9.59,-10.23,0.666,0.297009399,0.350404857,43369.9497
NLA17_MO-10038,1,-1.67,-12.5,0.86,0.204,0.956839747,0.300685027,707383.8708
NLA17_MO-10039,1,-2.55,-19.24,1.16,0.16,0.56064184,0.435346189,820467.8937
NLA17_MO-10043,1,-1.14,-14.89,-5.77,0.261,0.554437375,0.321163149,28318.8043
NLA17_MO-HP001,1,-4.61,-28.83,8.05,0.057,0.518223434,0.231076044,9007628.977
NLA17_MO-HP002,1,-2.4,-22.31,-3.11,0.253,1.370107131,0.403764854,863166.3422
NLA17_MO-HP003,1,-4.89,-31.83,7.29,0.076,0.639643404,0.42797089,1303830.528
NLA17_MO-HP004,1,-3.73,-26.97,2.87,0.131,0.545244666,0.326603203,8016658.241
NLA17_MO-HP005,1,-1.98,-21.35,-5.51,0.211,0.718781154,0.579778461,815088.3945
NLA17_MO-HP006,1,-3.85,-25.04,5.76,0.039,0.090060497,0.129081683,345867.4792
NLA17_MO-HP007,1,-4.56,-29.87,6.61,0.093,0.295776777,0.211302287,225234.0498
NLA17_MO-HP008,1,-3.79,-26.51,3.81,0.043,0.109457488,0.181317923,783681.9198
NLA17_MO-HP009,1,-4.5,-28.63,7.37,0.029,0.183429345,0.287349317,993255.921
NLA17_MO-HP010,1,-5.54,-35.25,9.07,0.025,0.094942909,0.194936303,2158564.416
NLA17_MS-10001,1,-3.31,-21.06,5.42,0.14,0.205945076,0.135489029,612801.7625
NLA17_MS-10002,1,-3.62,-24.29,4.67,0.03,0.061360306,0.100461256,76098396.05
NLA17_MS-10003,1,-3.31,-19.33,7.15,0.071,0.292351869,0.171910282,482191022
NLA17_MS-10004,1,0.33,-1.32,-3.96,0.336,0.289652852,0.315932354,674183.337
NLA17_MS-10005,1,-2.53,-16.65,3.59,0.055,0.115146656,0.15855495,1758105.447
NLA17_MS-10006,1,0.19,-8.74,-10.26,0.239,0.142331695,0.291706485,17257.4501
NLA17_MS-10007,1,1.17,-1.28,-10.64,0.433,1.386962014,0.367919706,237983.1402
NLA17_MS-10008,1,0.41,-2.66,-5.94,0.433,0.683741317,0.248745595,17667.2071
NLA17_MS-10013,1,1.34,-1.61,-12.33,0.437,0.392704638,0.295833587,23560.0611
NLA17_MS-10015,1,-1.79,-10.34,3.98,0.123,0.264580358,0.20382022,769901.3166
NLA17_MS-10017,1,1.81,3.92,-10.56,0.724,2.550379993,0.306806188,775502.4239
NLA17_MS-10019,1,0.69,-2.67,-8.19,0.445,0.904949386,0.291418586,1169594.228
NLA17_MS-10021,1,-3.35,-15.81,10.99,0,NA,0.052989642,53494.3964
NLA17_MS-10037,1,-0.02,-3.4,-3.24,0.3,0.484376508,0.223370381,20055853.52
NLA17_MT-10001,1,-13.62,-114.44,-5.48,0.124,0.453150195,0.543518233,11232681.81
NLA17_MT-10002,1,-15.17,-121.85,-0.49,0.036,0.601249253,0.482076104,552656.217
NLA17_MT-10003,1,-14.26,-118.65,-4.57,0.248,1.507163942,0.821122761,43989442.53
NLA17_MT-10004,1,-15.05,-118.02,2.38,0.035,1.126513613,0.314173962,22408098.12
NLA17_MT-10005,1,-16.09,-121.59,7.13,0.052,1.616768366,0.272380967,232269180.1
NLA17_MT-10006,1,-8.97,-93.15,-21.39,0.48,1.670236331,1.033613361,489932.7
NLA17_MT-10007,1,-16.03,-125.43,2.81,0.131,1.29190442,1.120028593,2500476.213
NLA17_MT-10008,1,-16.32,-124.35,6.21,0.064,0.581705212,0.201895342,5269380.949
NLA17_MT-10009,1,-8.41,-82.87,-15.59,0.417,0.268900471,0.745118943,262151.0861
NLA17_MT-10011,1,-16.84,-126.16,8.56,0.026,0.979539044,0.171304091,129771374.3
NLA17_MT-10012,1,-7.07,-77.48,-20.92,0.662,2.464216447,0.758767275,366248.9253
NLA17_MT-10013,1,-13.88,-119.05,-8.01,0.043,0.04661317,0.488298241,561015.5047
NLA17_MT-10014,1,-17.52,-131.92,8.24,0.033,0.420368994,0.401228297,9104655.994
NLA17_MT-10015,1,-15.82,-120.34,6.22,0.07,1.368063406,0.265571763,1644808.516
NLA17_MT-10018,1,-6.81,-80.88,-26.4,0.304,0.305078007,0.776344561,12219.7755
NLA17_MT-10022,1,-2.69,-65.71,-44.19,0.897,5.240681713,0.529447919,2082529.006
NLA17_MT-10023,1,-1.39,-62.95,-51.83,0.884,0.337399418,0.521997374,8005.407
NLA17_MT-10029,1,-10.32,-106.79,-24.23,0.158,0.144147697,1.767106987,40380.3617
NLA17_MT-10030,1,-0.4,-61.44,-58.24,1.246,0.530201855,0.654117398,2796.7136
NLA17_MT-10036,1,-6.73,-78.86,-25.02,0.446,1.727726413,1.342362192,582010.5059
NLA17_MT-10055,1,-7.6,-79.88,-19.08,0.322,0.289573261,0.889259592,152899.9907
NLA17_MT-10059,1,-10.45,-98.59,-14.99,0.244,0.241243196,0.870066648,89543.0944
NLA17_MT-10065,1,-8.72,-96.07,-26.31,0.277,0.449655619,0.850753917,30724.7797
NLA17_MT-10072,1,-16.38,-123.75,7.29,0.046,0.657647268,0.166203786,584348.7365
NLA17_MT-10076,1,-7.74,-87.62,-25.7,0.477,0.664187107,0.653291609,145653.5519
NLA17_MT-10084,1,-6.97,-83.88,-28.12,0.465,2.174402598,0.435260827,416725.4997
NLA17_MT-10101,1,-15.13,-116.51,4.53,0.058,0.355029196,0.249641781,248987.5792
NLA17_MT-10102,1,-15.98,-122.92,4.92,0.009,0.008663702,0.256632664,12914.8778
NLA17_MT-10104,1,-10.16,-98.9,-17.62,0.301,5.859032601,0.984358679,771427.7154
NLA17_MT-10120,1,-11.94,-106.79,-11.27,0.158,0.13825273,0.713652888,5668.1625
NLA17_MT-10129,1,-6.27,-88.29,-38.13,0.404,0.816842062,1.274581853,15327.8996
NLA17_MT-HP001,1,-0.58,-49.52,-44.88,0.801,1.447098284,1.141287282,12238.7807
NLA17_MT-HP002,1,-7.69,-83.7,-22.18,0.469,5.372529698,0.361662306,2527861.588
NLA17_NC-10001,1,-4.91,-29.07,10.21,0,NA,0.127854313,68986008.95
NLA17_NC-10002,1,-5.31,-33.17,9.31,0.025,0.271364636,0.078509188,49408110.06
NLA17_NC-10004,1,-3.9,-22.86,8.34,0.069,0.286829787,0.216321928,988626.8246
NLA17_NC-10005,1,-2.87,-20.68,2.28,0.071,0.055287334,0.224453628,50667.1542
NLA17_NC-10007,1,-6.05,-38.51,9.89,0.005,0.030728333,0.258388382,59962.3896
NLA17_NC-10009,1,-2.51,-20.57,-0.49,0.107,0.041935816,0.223662656,17576.8314
NLA17_NC-10010,1,-1.2,-14.36,-4.76,0.27,0.408516005,0.413387655,13779.8744
NLA17_NC-10011,1,1.49,-0.57,-12.49,0.601,0.426229864,0.329538521,18531.3498
NLA17_NC-10014,1,1.47,6.72,-5.04,0.811,0.325997723,0.210520515,1475616.072
NLA17_NC-10015,1,-3.1,-22.12,2.68,0.089,0.240074037,0.416718684,153333.415
NLA17_NC-10023,1,-1.65,-15.11,-1.91,0.192,0.4474886,0.310771666,504086.0509
NLA17_NC-10030,1,-3.58,-20.17,8.47,0.048,0.151454984,0.256099395,481702.678
NLA17_NC-10033,1,-5.39,-33.99,9.13,0.021,0.014615575,0.138953684,13795.2174
NLA17_ND-10001,1,-1.68,-27.89,-14.45,0.928,1.347882977,0.622240309,2316542.272
NLA17_ND-10002,1,-3.15,-37.54,-12.34,0.924,1.345367986,0.839404567,112877.3609
NLA17_ND-10003,1,-4.84,-50.18,-11.46,0.593,1.162463779,0.716276446,2058603.869
NLA17_ND-10004,1,-5.93,-56.33,-8.89,0.424,0.40019406,0.663102612,575133.0756
NLA17_ND-10005,1,-6.16,-63.08,-13.8,0.505,0.511150494,0.974032941,319143.3021
NLA17_ND-10006,1,-3.54,-41.63,-13.31,0.777,3.032609923,0.172104522,396301.1835
NLA17_ND-10007,1,-8.01,-73.8,-9.72,0.308,0.571409777,0.577273601,5550821.313
NLA17_ND-10008,1,-4.25,-47.07,-13.07,0.71,0.931225574,0.869783737,1618558.693
NLA17_ND-10009,1,-5.38,-52.14,-9.1,0.851,0.914787668,0.951805523,87715.6668
NLA17_ND-10010,1,-6.51,-64.22,-12.14,0.378,0.251605095,0.732216315,63038.1958
NLA17_ND-10011,1,-4.68,-51.14,-13.7,0.613,1.077769565,0.852569896,368976.5924
NLA17_ND-10012,1,-5.85,-59.54,-12.74,0.587,3.801789515,0.901616561,2887737.411
NLA17_ND-10013,1,-6.32,-67.14,-16.58,0.599,0.628268221,0.919490551,78207.3593
NLA17_ND-10014,1,-5,-57.58,-17.58,0.756,4.0596092,0.780888733,1088076.366
NLA17_ND-10015,1,-5.3,-54.73,-12.33,0.492,1.167218523,1.019380871,101164.0191
NLA17_ND-10016,1,-3.72,-48.05,-18.29,0.812,1.940229037,0.922032702,338237.4623
NLA17_ND-10017,1,-7.26,-77.16,-19.08,0.256,0.644080065,1.587579853,60405.5952
NLA17_ND-10018,1,-3.36,-53.07,-26.19,1.072,1.505595255,0.835393374,31898.188
NLA17_ND-10019,1,-4.21,-45.45,-11.77,0.663,1.875706143,0.900199446,288899.6267
NLA17_ND-10020,1,-4.19,-51.8,-18.28,0.722,0.721359271,1.096048747,114080.6317
NLA17_ND-10021,1,-10.79,-92.97,-6.65,0.046,0.175668718,0.338846424,31309764.33
NLA17_ND-10023,1,-5.6,-55.64,-10.84,0.543,0.998147652,0.857326816,220499.7939
NLA17_ND-10024,1,-6.13,-58.76,-9.72,0.399,0.543778323,0.649341869,178034.8272
NLA17_ND-10026,1,-13.47,-98.25,9.51,0.012,0.379512686,1.027613672,111676.9344
NLA17_ND-10029,1,-6.45,-64.97,-13.37,0.549,0.965405377,0.821925564,99736.6094
NLA17_ND-10032,1,-3.22,-37.18,-11.42,0.774,0.883669369,0.715236621,191364.9061
NLA17_ND-10033,1,-2.73,-51.63,-29.79,1.015,0.671230775,0.593265525,4478.2631
NLA17_ND-10034,1,-6.77,-70.86,-16.7,0.464,1.489613645,0.891334934,125751.0355
NLA17_ND-10035,1,-4.95,-49.42,-9.82,0.558,0.8556724,0.902173494,295602.0037
NLA17_ND-10037,1,-7.01,-70.75,-14.67,0.45,0.983270727,0.174393271,14976.2802
NLA17_ND-10042,1,-3.46,-55.35,-27.67,1.022,0.77064387,1.412486412,7534.2558
NLA17_ND-10069,1,-4.97,-63.13,-23.37,0.73,0.381989284,0.893360484,8649.5828
NLA17_ND-10070,1,-3.54,-43.46,-15.14,0.819,1.786510879,0.447597897,13955.7503
NLA17_ND-10073,1,-3.53,-54.37,-26.13,0.976,2.839917665,0.934299525,53950.4533
NLA17_ND-10077,1,-5.62,-65.55,-20.59,0.562,0.640296948,0.570997013,275069.9534
NLA17_ND-10081,1,-9.88,-96.27,-17.23,0.2,0.515325421,0.74879756,29593.3748
NLA17_ND-10082,1,-3.37,-44.71,-17.75,0.815,0.495010977,0.861079887,14311.7297
NLA17_ND-10084,1,-5.74,-62.2,-16.28,0.611,1.350970442,1.090323522,59890.347
NLA17_ND-10089,1,-7.1,-72.71,-15.91,0.347,0.255896705,0.727544558,13884.5634
NLA17_ND-10090,1,-5.43,-53.97,-10.53,0.484,0.659786756,0.803270965,15343.6306
NLA17_ND-10095,1,-3.74,-42.88,-12.96,0.77,3.191859406,0.575293985,1034101.598
NLA17_ND-10100,1,-5.19,-61.22,-19.7,0.695,1.336167767,0.819863598,76639.5903
NLA17_ND-10102,1,-5.95,-54.1,-6.5,0.253,0.186456246,0.628990043,41094.9986
NLA17_ND-10103,1,-4.11,-44.73,-11.85,0.545,0.142913869,0.71233618,1870.0573
NLA17_ND-10107,1,-0.66,-38.4,-33.12,1.261,0.527363266,0.350284896,2986.138
NLA17_ND-10189,1,-2.49,-53.4,-33.48,1.2,0.960849051,0.51340143,7362.4011
NLA17_ND-HP001,1,-3.61,-40.4,-11.52,0.658,1.658240472,0.832517712,164066.7458
NLA17_ND-HP002,1,-4.47,-53.51,-17.75,0.929,4.833665268,0.745587754,670703.1441
NLA17_NE-10001,1,-3.92,-36.28,-4.92,0.189,0.802865272,0.143694797,173934356.5
NLA17_NE-10002,1,-1.87,-30.18,-15.22,0.52,0.990982706,0.63388604,270537.3759
NLA17_NE-10003,1,-8.46,-60.53,7.15,0.068,0.036741961,0.054327599,189328.0916
NLA17_NE-10004,1,-1.58,-29.37,-16.73,0.572,0.302686728,0.502433947,201817.7166
NLA17_NE-10006,1,-4.33,-49.97,-15.33,0.288,0.170448151,0.634752999,97061.9433
NLA17_NE-10007,1,-11.59,-98.32,-5.6,0.261,2.281227609,0.801837818,24901969.34
NLA17_NE-10008,1,-1.53,-26.51,-14.27,0.574,0.502106681,0.541300888,984118.8131
NLA17_NE-10011,1,1.63,1.29,-11.75,0.733,0.74376148500000006,0.639575271,76063.0186
NLA17_NE-10012,1,-4.53,-59.03,-22.79,0.161,0.83392409,0.445052743,1443593.854
NLA17_NE-10014,1,-1.65,-33.04,-19.84,0.586,0.294031264,0.728210399,52659.6108
NLA17_NE-10025,1,-1.18,-27.31,-17.87,0.6,0.559393291,0.718520558,75257.4076
NLA17_NE-10028,1,-3.35,-28.91,-2.11,0.346,0.697237727,0.509421627,87697.9382
NLA17_NE-10029,1,-7.75,-61.39,0.61,0.213,0.762878842,0.327682487,28134263.88
NLA17_NE-10032,1,-8.53,-72.88,-4.64,0.072,0.075308078,0.571559577,398486.8585
NLA17_NE-10037,1,-3.56,-34.07,-5.59,0.298,0.274843202,0.433517527,459086.5387
NLA17_NE-10038,1,-6.82,-55.63,-1.07,0.28,0.367363363,0.484516803,435279.1539
NLA17_NE-10040,1,-2.45,-35.63,-16.03,0.345,0.22486514,0.771727383,22408.151
NLA17_NE-10041,1,-2.17,-19.45,-2.09,0.501,0.649342818,0.427487197,517859.1399
NLA17_NE-10046,1,-1.78,-36.61,-22.37,0.599,0.381114618,0.131389977,134515.8396
NLA17_NE-10047,1,-0.12,-10.73,-9.77,0.895,0.742673484,0.552507067,22675.8565
NLA17_NE-10054,1,-5.06,-43.83,-3.35,0.139,0.856485896,0.446478471,485725.6137
NLA17_NE-10059,1,-2.41,-39.41,-20.13,0.29,1.244839878,0.766076953,141122.5438
NLA17_NE-10060,1,-3.75,-28.76,1.24,0.263,0.428206327,0.34189644,868495.3747
NLA17_NE-10061,1,-9.25,-86.58,-12.58,0.397,1.959034337,1.170006614,712389.2381
NLA17_NE-10064,1,-9.07,-76.77,-4.21,0.286,1.014388468,98.92553541,69536.0542
NLA17_NE-10067,1,-8.06,-68.99,-4.51,0.316,0.479789084,0.737129459,85302.9071
NLA17_NE-10068,1,0.33,-9.19,-11.83,0.958,0.316702013,0.595953149,19706.1203
NLA17_NE-10070,1,-4.39,-41.49,-6.37,0.166,2.011878954,0.54648687,68298.7632
NLA17_NE-10072,1,-0.69,-11.17,-5.65,0.787,0.592250057,0.444880009,25178.2681
NLA17_NE-10073,1,-0.92,-31.27,-23.91,0.692,0.515633561,0.542878218,197473.8635
NLA17_NE-HP004,1,-11.26,-93.04,-2.96,0.235,1.003758988,0.244504013,17242821.18
NLA17_NE-HP005,1,-2.99,-34.14,-10.22,0.441,0.856716724,0.735941146,163616.0913
NLA17_NH-10001,1,-9.18,-60.94,12.5,0.013,0.037226159,0.021229896,195557.5136
NLA17_NH-10002,1,-9.41,-67.37,7.91,0.068,0.119171047,0.148270028,113190.3015
NLA17_NH-10003,1,-6.16,-43.77,5.51,0.15,3.523327087,0.083047738,235558325.2
NLA17_NH-10004,1,-7.56,-51.85,8.63,0.05,0.085550956,0.184468884,543976.5067
NLA17_NH-10006,1,-8.28,-58,8.24,0.054,0.384498948,0.033367894,1919364.58
NLA17_NH-10052,1,-7.48,-53.89,5.95,0.06,0.073390214,0.081545868,254018.5163
NLA17_NH-10058,1,-6.05,-45.79,2.61,0.105,0.067309848,0.110153871,68274.4287
NLA17_NH-10059,1,-8.48,-60.41,7.43,0.037,0.045049811,0.264999409,88817.0059
NLA17_NH-10063,1,-10.38,-69.07,13.97,0,NA,0.065708671,729953.5798
NLA17_NH-10066,1,-7.66,-56.08,5.2,0.065,0.464273877,0.181652786,1403796.81
NLA17_NH-10067,1,-7.86,-55.84,7.04,0.075,0.252215319,0.115244205,1322821.208
NLA17_NH-10530,1,-7.11,-49.42,7.46,0.076,0.528316135,0.222241314,660251.2068
NLA17_NH-10891,1,-5.45,-44.63,-1.03,0.206,2.062691947,0.229601781,2716117.143
NLA17_NH-10917,1,-9.76,-69.49,8.59,0.026,0.0347727,0.218759277,270206.5204
NLA17_NH-10999,1,-10.67,-75.13,10.23,0,NA,0.187797685,10009299.35
NLA17_NJ-10001,1,-6.78,-43.28,10.96,0,NA,0.159121949,229774.6566
NLA17_NJ-10002,1,-3.1,-26.49,-1.69,0.355,0.261175447,0.241046528,327225.8739
NLA17_NJ-10003,1,-5.77,-34.41,11.75,0,NA,0.100679957,437333.0723
NLA17_NJ-10004,1,-5.72,-34.99,10.77,0.026,0.017612674,0.202981439,62202.2201
NLA17_NJ-10005,1,-5.69,-37.27,8.25,0.041,0.035699933,0.263708306,188933.9269
NLA17_NJ-10006,1,-5.4,-35.76,7.44,0.1,0.248051899,0.288684441,152053.2623
NLA17_NJ-10008,1,-0.84,-11.04,-4.32,0.718,0.227053767,0.262084662,10769.165
NLA17_NJ-10009,1,-3.31,-28.58,-2.1,0.398,0.166963712,0.295947093,19404.7917
NLA17_NJ-10010,1,-4.01,-27.81,4.27,0.169,0.147711871,0.395436409,23118.7696
NLA17_NJ-10023,1,-3.1,-26.02,-1.22,0.328,0.761522527,0.293968129,2601944.415
NLA17_NJ-10025,1,-5.57,-38.25,6.31,0.153,0.131652546,0.175183913,15681.4103
NLA17_NM-10001,1,-11.92,-83.83,11.53,0,NA,0.257369573,2644625.612
NLA17_NM-10002,1,-1.84,-28.17,-13.45,0.386,0.797621676,0.547819638,4104094.821
NLA17_NM-10003,1,-4.6,-42.38,-5.58,0.19,0.80173893,0.544527722,11552719.05
NLA17_NM-10004,1,-0.8,-22.05,-15.65,0.474,0.589951976,0.638008653,192808.6509
NLA17_NM-10005,1,-10.45,-83.19,0.41,0.08,0.492662169,0.083442049,557740.6192
NLA17_NM-10006,1,-12.61,-94.13,6.75,0.065,0.221573453,0.34999259,47596.3831
NLA17_NM-10022,1,-7.71,-65.48,-3.8,0.249,0.722290745,0.642944694,6692546.665
NLA17_NM-10024,1,-11.67,-86,7.36,0.013,0.355968405,0.763175374,1584625.266
NLA17_NM-10025,1,-9.12,-77.05,-4.09,0.059,0.268948168,0.2054114,45513.0183
NLA17_NM-10037,1,-11.77,-86.41,7.75,0.04,0.092671225,0.23920058,164384.9685
NLA17_NM-10041,1,-1.53,-31,-18.76,0.422,0.685649264,0.57466475,1503231.213
NLA17_NM-10044,1,-6.63,-50.62,2.42,0.092,0.423447882,0.232868544,840468.7776
NLA17_NM-10049,1,-12.31,-91.37,7.11,0.05,0.391581874,0.518197028,78842301.33
NLA17_NV-10002,1,-8.29,-82.86,-16.54,0.231,0.122045592,0.257384349,262706.9177
NLA17_NV-10003,1,-15,-117.12,2.88,0.107,0.534850273,0.269762507,7076012.686
NLA17_NV-10005,1,-2.56,-39.93,-19.45,0.516,10.34763733,0.247112652,7198725627
NLA17_NV-10006,1,-15.69,-118.12,7.4,0.04,0.171329487,0.066459739,133267.3837
NLA17_NV-10016,1,-10.29,-85.69,-3.37,0.203,0.21714505,0.030904828,176724.6445
NLA17_NV-10017,1,-12.68,-105.83,-4.39,0.211,0.54346392,0.036336685,83935341.5
NLA17_NV-10018,1,-10.54,-88.44,-4.12,0.153,0.324395039,0.099349787,127330.0121
NLA17_NV-10036,1,-10.95,-88.12,-0.52,0.132,0.163787446,0.523439107,20604.3109
NLA17_NV-10079,1,-12.17,-101.7,-4.34,0.102,0.067961061,0.097150055,104336.6336
NLA17_NV-10090,1,-14.42,-115.73,-0.37,0.179,1.607170471,0.257901154,38904597.72
NLA17_NV-10124,1,-10.59,-84.5,0.22,0.12,0.331396207,3.600462319,19983.4604
NLA17_NV-10225,1,-16.45,-119.49,12.11,0,NA,0.203325523,140893.1711
NLA17_NV-10239,1,-8.59,-77.65,-8.93,0.073,0.609598295,2.877313362,32664.9888
NLA17_NV-10242,1,1.18,-25.67,-35.11,0.8,5.748191879,0.511384829,861874001.1
NLA17_NV-10243,1,-12.21,-99.9,-2.22,0.09,0.151542852,0.408183182,107097.2905
NLA17_NV-HP001,1,-15.02,-112.61,7.55,0.039,0.171888977,0.367476219,85156.2688
NLA17_NY-10001,1,-6.56,-50.26,2.22,0.134,3.214582205,0.232214506,688356148.3
NLA17_NY-10002,1,-9.09,-64.18,8.54,0.046,0.205312499,0.045566364,38775452.5
NLA17_NY-10003,1,-8,-59.18,4.82,0.089,0.266447582,0.191703129,66738.8948
NLA17_NY-10004,1,-8.36,-60.46,6.42,0.106,0.495066631,0.270508684,372434.8511
NLA17_NY-10005,1,-7.73,-56.71,5.13,0.099,0.495773622,0.261191808,86138.7303
NLA17_NY-10007,1,-4.56,-35.86,0.62,0.236,0.306710085,0.327030594,129249.7801
NLA17_NY-10014,1,-9.06,-63.35,9.13,0.051,0.14826645,0.038971122,256286.5482
NLA17_NY-10016,1,-7.2,-54.5,3.1,0.133,2.134750164,0.266301567,2021852.066
NLA17_NY-10017,1,-7.74,-53.75,8.17,0.125,0.935345327,0.157339005,354035.6537
NLA17_NY-10018,1,-6.43,-40.32,11.12,0,NA,0.052596767,6103.8979
NLA17_NY-10025,1,-7.76,-53.83,8.25,0.079,2.307558687,0.224863852,602133725.5
NLA17_NY-HP001,1,-7.52,-53.6,6.56,0.09,1.275828941,0.273689364,1378162.99
NLA17_NY-HP003,1,-8.5,-62.64,5.36,0.079,0.782411845,0.152809898,7178829.075
NLA17_OH-10001,1,-5.76,-33.94,12.14,0,NA,0.043927737,3369002.466
NLA17_OH-10002,1,-5.55,-35.6,8.8,0.041,0.127322643,0.20119235,1740099.413
NLA17_OH-10003,1,-3.25,-25.96,0.04,0.266,1.62770628,0.289880512,2834495.357
NLA17_OH-10005,1,-4.66,-29.98,7.3,0.104,0.418447964,0.269881773,1378208.85
NLA17_OH-10007,1,-5.12,-35.36,5.6,0.145,2.309732832,0.369166977,1636882.071
NLA17_OH-10008,1,-5.36,-36.65,6.23,0.081,0.190912449,0.096206048,119943.8561
NLA17_OH-10009,1,-3.12,-21.08,3.88,0.291,0.173627526,0.08392019,69841.3707
NLA17_OH-10013,1,-5.36,-32.58,10.3,0,NA,0.051480596,131910.3232
NLA17_OH-10016,1,-7.44,-51.07,8.45,0.055,0.09915523,0.135021558,13616.3333
NLA17_OH-10023,1,-4.62,-28.3,8.66,0.048,0.072615891,0.210398243,171097.3498
NLA17_OH-10024,1,-1.7,-22.73,-9.13,0.523,0.614128321,0.311837199,172895.7976
NLA17_OH-10027,1,-3.09,-29.68,-4.96,0.375,0.4411723,0.349790099,130221.7399
NLA17_OH-10028,1,-5.73,-38.23,7.61,0.076,0.520035156,0.281076212,867424.065
NLA17_OH-10029,1,-3.13,-26.26,-1.22,0.233,0.173013215,0.294742306,6734.1286
NLA17_OH-10031,1,-5.58,-40.72,3.92,0.203,0.096251759,0.057533644,55442.7954
NLA17_OH-10038,1,-6.15,-40.99,8.21,0.059,0.13763926,0.202715175,11048381.2
NLA17_OH-HP001,1,-2.56,-28.39,-7.91,0.482,4.558018754,0.301554779,2956333.816
NLA17_OK-10001,1,0.15,-2.77,-3.97,0.502,1.680806723,0.297770905,16264570.29
NLA17_OK-10002,1,-2.97,-23.09,0.67,0.123,0.487406587,0.026324215,372815501.6
NLA17_OK-10003,1,-0.16,-5.2,-3.92,0.481,0.447988167,0.019014284,5598977.736
NLA17_OK-10004,1,-2.59,-12.42,8.3,0.067,0.325194964,0.221353562,13811751.05
NLA17_OK-10005,1,-0.72,-7.57,-1.81,0.43,0.671157123,0.375263789,209208.302
NLA17_OK-10006,1,-2.76,-14.68,7.4,0.096,0.048508195,0.342726907,131898.7082
NLA17_OK-10007,1,-0.9,-10.1,-2.9,0.407,0.995543102,0.09171686,70613267.51
NLA17_OK-10008,1,-2.26,-11.6,6.48,0.136,0.324479906,0.273324325,2142570.319
NLA17_OK-10009,1,-1.37,-13,-2.04,0.214,0.654594735,0.32736937,4770002.146
NLA17_OK-10010,1,-1.66,-9.31,3.97,0.245,0.297196387,0.349048439,1927160.422
NLA17_OK-10011,1,-3.62,-20.84,8.12,0.049,0.046073489,0.295005767,1233225.731
NLA17_OK-10012,1,0.82,-0.66,-7.22,0.644,1.035570988,0.317437948,101271.9451
NLA17_OK-10013,1,-1.54,-13.8,-1.48,0.29,0.420152674,0.407224766,132831.3762
NLA17_OK-10014,1,1.92,2.7,-12.66,0.621,1.978749733,0.602144356,153282.3941
NLA17_OK-10015,1,-0.64,-6.71,-1.59,0.286,0.133348653,0.270298719,750587.6628
NLA17_OK-10019,1,2.26,9.97,-8.11,0.793,0.273985531,0.295820224,22570.196
NLA17_OK-10021,1,0.28,-3.38,-5.62,0.529,0.791044276,0.406926744,24372.0384
NLA17_OK-10022,1,0.4,-1.47,-4.67,0.56,0.408613954,0.328015054,9431.8222
NLA17_OK-10033,1,-1.94,-14.27,1.25,0.238,0.720291561,0.243989752,7761089.734
NLA17_OK-10035,1,-1.85,-13.52,1.28,0.262,0.816475817,0.14932801,120354506.2
NLA17_OK-10045,1,-3.3,-16.68,9.72,0.011,0.017548724,0.23490496,185348.2183
NLA17_OK-10050,1,-2.52,-21.7,-1.54,0.205,0.191923168,0.390583747,10243.7879
NLA17_OK-10055,1,2.22,5.86,-11.9,1.017,4.007505467,0.509872226,463216.3175
NLA17_OK-10066,1,0.65,2.18,-3.02,0.776,0.573494292,0.35753429,14307.6214
NLA17_OK-10082,1,-1.02,-9.61,-1.45,0.315,0.531952764,0.365315049,345484.3643
NLA17_OK-10083,1,0.72,-4.25,-10.01,0.591,2.246239122,0.926318659,59802.5977
NLA17_OK-10085,1,-3.16,-19.64,5.64,0.057,0.055571789,0.427270091,281753.5229
NLA17_OK-10086,1,-1.57,-9.32,3.24,0.292,0.309001616,0.328234929,14606.7272
NLA17_OK-10087,1,-0.02,-3.19,-3.03,0.354,0.133471024,0.460233148,9963.6466
NLA17_OK-10089,1,-2.21,-12.85,4.83,0.114,0.039450422,0.240305977,74328.7936
NLA17_OK-10095,1,-0.62,-6.01,-1.05,0.404,0.350676898,0.318134941,179442.2476
NLA17_OK-10097,1,0.93,4.46,-2.98,0.916,0.744651055,0.335131338,11851.8593
NLA17_OK-10098,1,2.88,8.36,-14.68,1.232,0.993973391,0.46658867,11592.0871
NLA17_OK-HP001,1,3.25,-3.07,-29.07,0.739,1.179084788,0.441062204,749402.56
NLA17_OK-HP002,1,-2.72,-12.77,8.99,0.036,0.1488746,0.212194601,16543793.97
NLA17_OK-HP004,1,-5.04,-28.58,11.74,0,NA,0.304289192,25393.125
NLA17_OR-10001,1,-0.79,-46.17,-39.85,0.798,0.488131325,0.503925232,376962.982
NLA17_OR-10002,1,-13.97,-100.19,11.57,0,NA,0.05852867,999880.2347
NLA17_OR-10003,1,-14.81,-114.01,4.47,0.09,0.550762633,0.209704091,27874536.53
NLA17_OR-10004,1,-10.41,-81.95,1.33,0.034,0.541029656,0.161049191,26624742.6
NLA17_OR-10005,1,-8.61,-69.31,-0.43,0.182,4.744160081,0.119862294,276283093.5
NLA17_OR-10006,1,-14.42,-109.13,6.23,0.022,0.137263513,0.314820429,31382562.96
NLA17_OR-10007,1,-4.57,-35.21,1.35,0.21,2.35684268,0.041833464,962173.9931
NLA17_OR-10008,1,-4.88,-48.05,-9.01,0.129,0.100689445,0.176875218,202219.7635
NLA17_OR-10009,1,-14.36,-115.35,-0.47,0.181,1.592553281,0.168822947,10912524.8
NLA17_OR-10010,1,-10.43,-82.61,0.83,0.063,0.530760056,0.006122363,214955.0205
NLA17_OR-10011,1,-11.44,-84.84,6.68,0.015,0.086092573,0.056928525,169048.256
NLA17_OR-10012,1,-4.71,-38.77,-1.09,0.226,1.810909296,0.073668418,608137.1339
NLA17_OR-10013,1,-10.04,-74.89,5.43,0.048,0.090923615,0.056717406,28127.5678
NLA17_OR-10014,1,-5.3,-63.86,-21.46,0.337,0.153263236,0.148524275,3896.1929
NLA17_OR-10021,1,-10.47,-78.52,5.24,0.088,0.46569056,0.126720501,29358.2679
NLA17_OR-10024,1,-10.27,-82.74,-0.58,0.091,0.872617926,0.114724854,202105.8776
NLA17_OR-10029,1,-15.11,-111.65,9.23,0.016,0.428108393,0.233574177,1329864.171
NLA17_OR-10037,1,-10.42,-82.28,1.08,0.072,0.400061534,0.136217204,162037.1458
NLA17_OR-10051,1,-11.37,-98.01,-7.05,0.062,0.039003221,0.099635897,39936.2452
NLA17_OR-10052,1,-9.34,-61.46,13.26,0,NA,0.081201123,32398.1
NLA17_OR-10060,1,-14.37,-114.34,0.62,0.146,1.961941259,0.048143582,441131785.8
NLA17_OR-10063,1,-11.73,-86.21,7.63,0.019,0.107183615,0.142742556,118229.7424
NLA17_OR-10076,1,-14.65,-109.73,7.47,0.044,0.566908,0.288736617,390031.486
NLA17_OR-10078,1,-7.89,-80.36,-17.24,0.183,0.6327382,0.10454484,824758.5927
NLA17_OR-10079,1,-12.07,-89.18,7.38,0.011,0.061118028,0.017170031,64583.603
NLA17_OR-10086,1,-7.18,-66.91,-9.47,0.251,0.572236177,0.075407979,290623.2687
NLA17_OR-10088,1,-8.3,-82.73,-16.33,0.262,1.021678345,0.645651276,86878.2222
NLA17_OR-10093,1,-3.43,-35.85,-8.41,0.249,0.213266495,0.111246497,40941.9055
NLA17_OR-10099,1,-11.92,-90.44,4.92,0.123,0.480110018,0.036114503,99408.7114
NLA17_OR-10102,1,-10.28,-82.69,-0.45,0.068,0.203122322,0.054611398,21369.0408
NLA17_OR-10106,1,-9.83,-84.01,-5.37,0.082,0.50466323,0.130460953,605951.7472
NLA17_OR-HP003,1,-8.44,-73.82,-6.3,0.181,4.407388952,0.170388549,5364449.13
NLA17_PA-10001,1,-7.29,-48.51,9.81,0.005,0.083814998,0.107079315,228094260.2
NLA17_PA-10002,1,-5.74,-42.89,3.03,0.182,0.870808081,0.28776669,562334.0312
NLA17_PA-10003,1,-6.89,-43.5,11.62,0,NA,0.099385786,24015088.24
NLA17_PA-10004,1,-8.22,-53.9,11.86,0.038,0.044983549,0.077680746,130382.6221
NLA17_PA-10005,1,-4.48,-31.83,4.01,0.188,0.431388806,0.322970329,1039905.41
NLA17_PA-10006,1,-1.68,-17.58,-4.14,0.408,0.633316775,0.258221547,4748581.385
NLA17_PA-10007,1,-7.48,-52.96,6.88,0.064,0.691366735,0.095547997,22085704.38
NLA17_PA-10008,1,-5.02,-39.59,0.57,0.275,1.673307088,0.310266222,1882109.334
NLA17_PA-10010,1,-4.51,-33.86,2.22,0.172,0.421017819,0.196163892,31844.5169
NLA17_PA-10011,1,-6.44,-45.93,5.59,0.129,0.92285063,0.221423144,1175624.552
NLA17_PA-10013,1,-7.3,-48.59,9.81,0.006,0.008264873,0.098504857,10599.0743
NLA17_PA-10015,1,-6.56,-49.47,3.01,0.123,0.078597035,0.178742496,19499.3656
NLA17_PA-10025,1,-4.72,-36.41,1.35,0.281,0.28354462,0.326736315,24492.4614
NLA17_PA-10030,1,-6.49,-41.61,10.31,0,NA,0.090375062,273617.4385
NLA17_PA-10042,1,-5.39,-36.43,6.69,0.135,0.583346073,0.226082179,719288.8486
NLA17_PA-10047,1,-6.49,-40.88,11.04,0,NA,0.192931249,18927.2517
NLA17_PA-HP001,1,-9.42,-62.24,13.12,0,NA,0.097284066,512011.5533
NLA17_PA-HP002,1,-8.55,-58.48,9.92,0.003,0.253039549,0.240853028,1316898.844
NLA17_RI-10001,1,-5.55,-38.26,6.14,0.123,0.185372988,0.14081227,907463.027
NLA17_RI-10002,1,-6.82,-43.72,10.84,0,NA,0.00990007,288350.8929
NLA17_RI-10005,1,-0.86,-14.43,-7.55,0.644,4.007247549,0.312719272,744307.782
NLA17_RI-10006,1,-4.5,-30.58,5.42,0.184,0.623664431,0.082255318,194386.8503
NLA17_RI-10008,1,-4.04,-27.52,4.8,0.191,0.331278973,0.256356182,163366.3061
NLA17_RI-10010,1,-5.14,-33.94,7.18,0.113,0.12318509,0.156758877,36144.1518
NLA17_RI-10011,1,-4.64,-32.64,4.48,0.168,0.395467679,0.273598644,117782.4903
NLA17_RI-10019,1,-0.65,-15.89,-10.69,0.546,1.73292967,0.250407771,114762.391
NLA17_SC-10002,1,-3.34,-21.32,5.4,0.032,0.06689365,0.099943416,731172707.1
NLA17_SC-10003,1,0.88,-5.94,-12.98,0.381,0.267356551,0.552140331,31379.4972
NLA17_SC-10004,1,-2.38,-15.51,3.53,0.119,0.096965875000000007,0.095169458,55380.3932
NLA17_SC-10010,1,-4.16,-22.42,10.86,0,NA,0.161513205,19766964.99
NLA17_SC-10011,1,-3.22,-18.57,7.19,0.087,0.153211498,0.128010623,1172175.619
NLA17_SC-10012,1,-3.82,-22.58,7.98,0.033,0.047609142,0.169309712,115205.2122
NLA17_SC-10015,1,-0.31,-7.5,-5.02,0.267,0.133064986,0.217742963,6535.5649
NLA17_SC-10016,1,-2.69,-15.39,6.13,0.113,0.151734978,0.066138663,293782.5454
NLA17_SC-10023,1,-2.2,-14.43,3.17,0.139,1.13739363,0.222930828,915022.7116
NLA17_SC-10024,1,-1.06,-10.71,-2.23,0.21,0.329410348,0.2398089,103176.5052
NLA17_SC-10027,1,-2.97,-19.9,3.86,0.075,0.106329301,0.116345601,1213461.939
NLA17_SC-HP002,1,-2.64,-17.12,4,0.157,1.585028198,0.127491344,190295395.6
NLA17_SD-10001,1,-13.82,-113.34,-2.78,0.198,1.603135487,0.192744186,7039277200
NLA17_SD-10002,1,-2.5,-29.48,-9.48,0.795,3.464132333,0.623379764,629315.0063
NLA17_SD-10003,1,-4.3,-40.5,-6.1,0.281,0.441866411,0.498259646,205975.4461
NLA17_SD-10004,1,-4.65,-43,-5.8,0.393,1.406221327,0.51152512,19723451.98
NLA17_SD-10005,1,-3.48,-35.82,-7.98,0.409,0.845664245,0.453848598,5458262.383
NLA17_SD-10006,1,-3.53,-47.71,-19.47,0.429,0.612402818,0.727622217,509104.5926
NLA17_SD-10007,1,-2.04,-29.62,-13.3,0.961,1.041570344,0.722412159,192791.5466
NLA17_SD-10008,1,-2.12,-25.64,-8.68,0.585,0.551231483,0.535141671,127294.8842
NLA17_SD-10009,1,-9.71,-78.2,-0.52,0.232,0.973416667,0.309546064,1105681.941
NLA17_SD-10010,1,-2.73,-34.33,-12.49,0.596,0.240756169,0.782413502,1113189.144
NLA17_SD-10011,1,-2.23,-29.99,-12.15,0.466,0.208461613,0.573617818,65141.8433
NLA17_SD-10012,1,-3.36,-48.5,-21.62,0.548,0.48397904,1.316856945,26938.7388
NLA17_SD-10013,1,-2.81,-36.71,-14.23,0.637,0.250262123,1.11362312,25229.2932
NLA17_SD-10014,1,-4.28,-45.23,-10.99,0.467,0.188652834,0.650359566,6082.0725
NLA17_SD-10015,1,-6.44,-54.96,-3.44,0.108,0.315746894,0.415387811,776425.424
NLA17_SD-10016,1,-3.41,-47.02,-19.74,0.503,0.635631232,0.431620239,459576.8272
NLA17_SD-10017,1,-2.04,-32.11,-15.79,0.79,1.233523509,0.698212932,455751.1599
NLA17_SD-10019,1,-1.56,-36.34,-23.86,0.66,0.736561021,0.836412675,173286.5115
NLA17_SD-10020,1,-8.18,-75.13,-9.69,0.084,0.083619953,0.732570716,31914.5576
NLA17_SD-10022,1,-4.54,-43.69,-7.37,0.173,0.194336589,0.522982634,11274.555
NLA17_SD-10023,1,-1.9,-29.07,-13.87,0.818,3.9890306,0.492150167,411807.4359
NLA17_SD-10025,1,-7.04,-68.33,-12.01,0.194,0.314086645,0.963808145,47712.8904
NLA17_SD-10033,1,-4.92,-61.72,-22.36,0.406,0.137469655,0.383059122,2911.0585
NLA17_SD-10035,1,-2.97,-46.24,-22.48,0.548,1.512378262,1.016804087,242357.8086
NLA17_SD-10037,1,-2.24,-26.55,-8.63,0.473,0.98147850699999994,0.501529663,206958.9685
NLA17_SD-10039,1,-3.11,-31.99,-7.11,0.541,0.542649188,0.516843998,6969266.642
NLA17_SD-10042,1,-3.69,-40.61,-11.09,0.544,0.223909626,0.766944892,20298.8033
NLA17_SD-10052,1,-3.61,-43.91,-15.03,0.374,0.664825262,0.808613911,278508.6792
NLA17_SD-10053,1,-12.35,-103.02,-4.22,0.048,0.394280914,0.075367899,1957994303
NLA17_SD-10057,1,-4.66,-53.38,-16.1,0.295,0.688644882,0.866881639,57424.3199
NLA17_SD-10067,1,-7.58,-70.3,-9.66,0.048,0.082990428,0.555289343,48306.4308
NLA17_SD-10073,1,-0.69,-31.63,-26.11,0.563,0.463518561,0.917385822,37416.2113
NLA17_SD-10081,1,-2.61,-28.94,-8.06,0.75,4.004292874,0.747522777,506982.8788
NLA17_SD-10088,1,-3.27,-37.12,-10.96,0.402,0.144081927,0.583980056,31289.1545
NLA17_SD-10090,1,0.52,-29.05,-33.21,0.801,0.261694743,0.50040523,3414.5317
NLA17_SD-10092,1,-2.15,-37.45,-20.25,0.421,0.599105008,0.676124444,14228.139
NLA17_SD-10093,1,-4.1,-46.16,-13.36,0.391,0.215023159,0.782332618,38603.1153
NLA17_SD-10097,1,-2.06,-29.36,-12.88,0.763,0.556238134,0.635135981,243042.1593
NLA17_SD-10098,1,-0.9,-32.14,-24.94,0.815,0.70350998,0.859611215,24008.3339
NLA17_SD-10104,1,-1.57,-26.82,-14.26,0.947,1.354140284,0.746127218,120490.5139
NLA17_SD-10105,1,-0.25,-14.66,-12.66,0.168,0.060362338,0.364924211,3597.5056
NLA17_SD-10111,1,-0.59,-36.42,-31.7,0.746,0.686267199,1.028485293,73747.3126
NLA17_SD-10112,1,-4.53,-48.29,-12.05,0.321,1.339139884,0.159692559,450039.2402
NLA17_SD-10114,1,-4.96,-62.06,-22.38,0.305,0.599928545,0.711319629,55027.5971
NLA17_SD-HP001,1,-4.36,-51.76,-16.88,0.229,0.23395863,0.439780094,31866.5108
NLA17_TN-10001,1,-5.14,-30.15,10.97,0.003,0.043592633,0.211157363,152166.399
NLA17_TN-10002,1,-5.66,-32.16,13.12,0.011,0.008944721,0.020952594,197540.6256
NLA17_TN-10003,1,1.23,0.33,-9.51,0.584,0.868673021,0.253689008,422998.8445
NLA17_TN-10004,1,-4.81,-28.13,10.35,0.019,0.083011954,0.215752073,953538.2037
NLA17_TN-10005,1,-6.4,-40.18,11.02,0.016,0.009335369,0.023719181,5843.7473
NLA17_TN-10006,1,-5.21,-31.82,9.86,0.004,0.003929044,0.004430469,25503567.57
NLA17_TN-10015,1,-1,-12.2,-4.2,0.301,0.207732216,0.276446287,7883.1817
NLA17_TN-10022,1,-2.26,-15.1,2.98,0.19,0.47876393,0.214556173,234581.3261
NLA17_TN-10023,1,-0.17,-6.75,-5.39,0.371,0.290245223,0.238823634,185243.9158
NLA17_TX-10001,1,-3.83,-24.37,6.27,0.151,0.145685528,0.301754097,139126.4076
NLA17_TX-10002,1,0.28,-5.98,-8.22,0.28,0.872418207,0.441874956,443424.5756
NLA17_TX-10003,1,-1.59,-6.32,6.4,0.101,0.116189953,0.372236912,77242.6008
NLA17_TX-10004,1,-0.66,-11.66,-6.38,0.38,1.935428633,0.146850671,293146597.5
NLA17_TX-10005,1,1.49,2.83,-9.09,0.426,0.418704358,0.433045714,55218.5731
NLA17_TX-10006,1,-3.5,-20.64,7.36,0.028,0.037711552,0.291519385,6301771.108
NLA17_TX-10007,1,-0.3,-0.38,2.02,0.302,0.698759183,0.23425098,166809592.5
NLA17_TX-10008,1,-3.17,-19.73,5.63,0.016,0.008809967,0.314895185,82912.68
NLA17_TX-10009,1,-0.91,-7.28,0,0.156,0.376478668,0.174157356,5429171.65
NLA17_TX-10010,1,-0.34,-6.21,-3.49,0.218,0.710355858,0.210162589,16597561.53
NLA17_TX-10011,1,-0.38,-2.49,0.55,0.287,0.281003774,0.325843844,163666.0197
NLA17_TX-10013,1,-3.55,-18.98,9.42,0.017,0.049010101,0.015915112,629409.8665
NLA17_TX-10014,1,2.1,10.86,-5.94,0.582,0.658279058,0.296561721,333072.5457
NLA17_TX-10015,1,-0.16,-8.61,-7.33,0.099,0.026807692,1.250191791,50784.9247
NLA17_TX-10016,1,1.92,3.99,-11.37,0.511,1.023914312,0.426790048,555878.7405
NLA17_TX-10017,1,-1.99,-11.53,4.39,0.123,0.112594727,0.340143482,33518.4774
NLA17_TX-10019,1,0.01,-0.33,-0.41,0.311,0.488872628,0.501854464,91433.5115
NLA17_TX-10020,1,0.4,-3.21,-6.41,0.396,1.615331956,0.209676374,28719499.75
NLA17_TX-10021,1,0.8,-8.85,-15.25,0.354,1.260714318,0.212503105,171858245.5
NLA17_TX-10022,1,0.3,-0.23,-2.63,0.447,1.073857866,0.253438446,89876586.99
NLA17_TX-10025,1,1.48,4.22,-7.62,0.57,0.340533427,0.444358449,12030.6759
NLA17_TX-10030,1,2.66,11.05,-10.23,0.583,0.259980677,0.306543773,6500.3166
NLA17_TX-10032,1,2.14,4.23,-12.89,0.389,0.185630631,0.255049303,33867.8775
NLA17_TX-10040,1,-0.75,-5.75,0.25,0.21,0.13036183,0.356928979,12904.3708
NLA17_TX-10047,1,3.34,12.25,-14.47,0.776,0.239822722,0.381127836,20081.0514
NLA17_TX-10048,1,-0.58,-8.83,-4.19,0.088,0.073381958,0.221423354,154402.5169
NLA17_TX-10049,1,-0.34,-5.43,-2.71,0.254,0.794291705,0.326131538,1385786.865
NLA17_TX-10070,1,2.73,7.22,-14.62,0.42,0.173286213,1.047526626,69761.8461
NLA17_TX-10072,1,0.85,-0.91,-7.71,0.372,1.485750187,0.368038878,126939.5542
NLA17_TX-10085,1,-1.34,-8.88,1.84,0.213,0.664564274,0.336445159,2375734.073
NLA17_TX-10086,1,3.12,10.51,-14.45,0.393,0.268119254,0.581686456,121632.9675
NLA17_TX-10087,1,-1.55,-12.82,-0.42,0.03,0.071849336,0.253637681,14452.3274
NLA17_TX-10088,1,4.22,18,-15.76,0.987,0.195269814,0.344207719,115019.2967
NLA17_TX-10089,1,4.1,13.87,-18.93,0.874,0.507906868,0.446869017,7459.1082
NLA17_TX-10092,1,-1.39,-13.52,-2.4,0.143,0.262551421,0.341791173,56497.3601
NLA17_TX-10096,1,2.37,4.91,-14.05,0.625,0.888209276,0.45972204,250198.4304
NLA17_TX-10099,1,3.64,13.91,-15.21,0.937,1.362322216,0.303592986,35982.4472
NLA17_TX-10110,1,0.98,0.03,-7.81,0.358,0.320354235,0.347792137,50034.0382
NLA17_TX-10112,1,-3.04,-29.62,-5.3,0.131,1.32683905,1.566725583,224660.2495
NLA17_TX-10121,1,-5.23,-37.38,4.46,0.109,0.068942012,0.294871916,72909.8242
NLA17_TX-10136,1,2.37,9.44,-9.52,0.609,1.25207348,0.520237643,219235.3655
NLA17_TX-10144,1,2.66,7.2,-14.08,0.592,0.391292487,0.449204812,129731.5931
NLA17_TX-HP002,1,-1.41,-10.53,0.75,0.146,0.382784209,0.00470576,9183076.016
NLA17_TX-HP003,1,-0.19,0.67,2.19,0.346,0.710576777,0.278712021,2904982.454
NLA17_TX-HP004,1,4.67,18.1,-19.26,1.136,0.997058501,0.519715612,17673.8102
NLA17_TX-HP005,1,2.8,11.36,-11.04,0.784,0.622020674,0.470384426,13376.2291
NLA17_UT-10001,1,-11.48,-87.04,4.8,0.112,0.441710315,0.398098756,3064124.953
NLA17_UT-10002,1,-16.34,-121.65,9.07,0.014,0.31049941,0.111253994,8297479.009
NLA17_UT-10003,1,-9.65,-85.94,-8.74,0.211,0.539326802,0.262667394,567129.3078
NLA17_UT-10004,1,-11.95,-98.89,-3.29,0.117,1.087193563,0.485196059,107327789.8
NLA17_UT-10005,1,-12.48,-100.85,-1.01,0.11,0.217577986,0.415532426,1476692.654
NLA17_UT-10006,1,-8.2,-84.29,-18.69,0.312,3.552398817,1.945114191,166036.9582
NLA17_UT-10007,1,-12.56,-92.25,8.23,0.033,0.231578506,0.268329207,335979.0584
NLA17_UT-10008,1,-16.07,-120.76,7.8,0.034,0.755350237,0.17995645,35083749.47
NLA17_UT-10009,1,-15.08,-113.19,7.45,0.049,0.208362894,0.287250282,579126.1178
NLA17_UT-10010,1,-10.7,-93.02,-7.42,0.092,0.160383692,0.582294158,490697.7392
NLA17_UT-10013,1,-11.16,-98.3,-9.02,0.165,0.078427011,1.171994102,9966.524
NLA17_UT-10019,1,-14.7,-108.52,9.08,0.027,0.412449663,0.385707541,555182.0632
NLA17_UT-10022,1,-13.74,-109.16,0.76,0.19,1.586763321,0.328221138,139910.9731
NLA17_UT-10028,1,-11.44,-93.65,-2.13,0.105,0.031072723,0.453638736,28127.7738
NLA17_UT-10056,1,-15.08,-112.57,8.07,0.055,1.114620446,0.425282209,771814.0092
NLA17_UT-10058,1,-14.8,-110.71,7.69,0.045,0.074181825,0.225247953,11810.3149
NLA17_UT-10064,1,-6.5,-74.77,-22.77,0.612,4.416999585,0.368945961,135385.6117
NLA17_UT-10066,1,-14.23,-107.73,6.11,0.036,0.419506491,0.61273465,224336.6941
NLA17_UT-10082,1,-6.2,-65.59,-15.99,0.53,15.96461859,0.480304688,134637799.7
NLA17_UT-10094,1,-12.28,-92.42,5.82,0.06,0.084372473,0.017079209,46664.8144
NLA17_UT-10100,1,-9.59,-87.64,-10.92,0.4,3.683653673,0.40245306,440835.0924
NLA17_UT-10120,1,-11.66,-99.37,-6.09,0.296,0.564456317,0.221800608,12641.312
NLA17_UT-10140,1,-14.16,-113.34,-0.06,0.108,0.481627475,0.432551434,192218.7747
NLA17_UT-HP002,1,-16.72,-123.73,10.03,0,NA,0.253795794,9882403.176
NLA17_VA-10001,1,-4.92,-29.04,10.32,0,NA,0.135456388,158867.1171
NLA17_VA-10002,1,-3.3,-21.71,4.69,0.155,0.126504491,0.189474341,134600.7525
NLA17_VA-10003,1,-3.46,-25.03,2.65,0.193,0.659233084,0.443452924,271055.6634
NLA17_VA-10004,1,-3.65,-23.89,5.31,0.141,0.287186335,0.24578087,581848.5031
NLA17_VA-10005,1,-4.63,-28.66,8.38,0.088,0.154636728,0.219555598,502551.5063
NLA17_VA-10006,1,-3.66,-23.32,5.96,0.134,0.086010227,0.089070859,189760.5811
NLA17_VA-10007,1,-4.6,-29.4,7.4,0.12,0.238519104,0.400133616,17513.6761
NLA17_VA-10008,1,-5.47,-31.46,12.3,0,NA,0.126462372,3822619.664
NLA17_VA-10009,1,-2.85,-17.26,5.54,0.143,0.08314694,0.121996176,20755.4284
NLA17_VA-10010,1,-4.46,-28.44,7.24,0.114,0.458791802,0.298697867,1294167.781
NLA17_VA-10012,1,-3.85,-24.02,6.78,0.123,0.1811384,0.224978808,65004.0889
NLA17_VA-10013,1,0.26,-7.73,-9.81,0.49,0.258324505,0.3479695,39243.9255
NLA17_VA-10014,1,-2.82,-21.21,1.35,0.237,0.289098484,0.329254581,251815.9282
NLA17_VA-10015,1,0.98,-4.44,-12.28,0.595,0.271420755,0.297810676,12425.0496
NLA17_VA-10019,1,0.22,-5.58,-7.34,0.274,0.059085355,0.168785508,21806.4608
NLA17_VA-10020,1,-3.28,-22.71,3.53,0.17,0.253116652,0.21559191,221286.111
NLA17_VA-10034,1,-5.04,-30.84,9.48,0.05,0.085331509,0.139981155,216094.9175
NLA17_VA-10035,1,-1.75,-15.96,-1.96,0.329,0.501646525,0.480802625,22352.183
NLA17_VA-10036,1,-6.64,-42.99,10.13,0,NA,0.52373635,284913.8464
NLA17_VA-10037,1,-4.66,-29.34,7.94,0.08,0.114127251,0.310979844,20908.2976
NLA17_VA-10039,1,-5.25,-30.51,11.49,0.048,0.026219395,0.018740867,7251.4254
NLA17_VA-10049,1,-4.51,-27.27,8.81,0.038,0.298700598,0.111761081,71659027.72
NLA17_VA-HP001,1,-7.5,-45.78,14.22,0.025,0.121263625,0.190919325,650228.6151
NLA17_VA-HP003,1,-5.26,-33.28,8.8,0.038,0.199115738,0.310623313,892403.9846
NLA17_VA-HP004,1,-6.19,-37.34,12.18,0,NA,0.33495492,3855032.124
NLA17_VA-HP005,1,-3.45,-23.35,4.25,0.133,0.308383171,0.200337643,2724321.911
NLA17_VA-HP006,1,-6.24,-38.52,11.4,0,NA,0.266610022,3444976.912
NLA17_VA-HP007,1,-0.72,-9.88,-4.12,0.42,1.813674997,0.190117972,13820866.56
NLA17_VA-HP008,1,-2.9,-20.88,2.32,0.127,0.350456313,0.289457266,174211.0889
NLA17_VT-10001,1,-9.27,-65.82,8.34,0.043,0.457312506,0.206441931,4688746.25
NLA17_VT-10002,1,-9.44,-65.82,9.7,0.012,1.459075841,0.305475872,3151632.783
NLA17_VT-10003,1,-10.21,-71.77,9.91,0.004,1.478889263,0.228710259,21901591.25
NLA17_VT-10004,1,-9.32,-66.93,7.63,0.011,0.070274389,0.217446837,186282.3065
NLA17_VT-10005,1,-9.27,-67.03,7.13,0.047,0.161571077,0.245092084,170147.2065
NLA17_VT-10007,1,-9.61,-66.35,10.53,0.013,0.021276969,0.231125514,8254.2812
NLA17_VT-10009,1,-10.95,-72.47,15.13,0,NA,0.061755616,5497.5831
NLA17_VT-10016,1,-9.82,-67.45,11.11,0.002,0.063298445,0.052834208,7763450.24
NLA17_VT-10018,1,-10.33,-70.77,11.87,0.018,0.159759253,0.169740315,1626406.755
NLA17_VT-10019,1,-7.65,-50.27,10.93,0,NA,0.307569809,123686.0335
NLA17_WA-10001,1,-3.25,-32.68,-6.68,0.769,0.755824335,0.143903999,98949.6425
NLA17_WA-10002,1,-7.07,-77.83,-21.27,0.192,2.195949736,0.337534651,6003470.246
NLA17_WA-10003,1,-11.79,-88.1,6.22,0.096,0.039944496,0.061084051,32527.736
NLA17_WA-10004,1,-9.1,-66.99,5.81,0.006,0.02556102,0.029821168,188525.1759
NLA17_WA-10005,1,-11.42,-97.58,-6.22,0.109,1.269966281,0.143566225,8303921.923
NLA17_WA-10006,1,-8.78,-66.44,3.8,0.036,0.089157237,0.104346949,1202916.314
NLA17_WA-10007,1,-13.18,-102.93,2.51,0.122,1.084635046,0.886116198,198554.7056
NLA17_WA-10008,1,-9.97,-74.89,4.87,0.003,0.008247462,0.007650666,100138.7064
NLA17_WA-10009,1,-7.14,-50.21,6.91,0.096,0.234323045,0.013509473,109336.2329
NLA17_WA-10010,1,-8.71,-85.59,-15.91,0.226,1.854213507,0.522163081,2595334.594
NLA17_WA-10011,1,-6.93,-56.57,-1.13,0.086,0.132509765,0.192992225,489588.2714
NLA17_WA-10012,1,-7.36,-62.05,-3.17,0.085,0.207084399,0.260295232,25915.7602
NLA17_WA-10013,1,-11.31,-103.25,-12.77,0.4,2.22160127,0.444740217,301469.015
NLA17_WA-10014,1,-12.43,-104.1,-4.66,0.241,1.096218156,0.253795336,76961.1345
NLA17_WA-10015,1,-8.18,-64.84,0.6,0.053,0.074725919,0.033751018,208955.9628
NLA17_WA-10017,1,-8.53,-66.92,1.32,0.097,0.683209013,0.163651137,2584753.119
NLA17_WA-10018,1,-8.23,-67.71,-1.87,0.057,0.37237634,0.247614103,51001.6488
NLA17_WA-10021,1,-7.79,-65.68,-3.36,0.04,0.023335673,0.032677708,8852.4651
NLA17_WA-10022,1,-4.95,-71.41,-31.81,0.348,3.702908333,0.248314737,5334425.431
NLA17_WA-10023,1,-10.26,-91.05,-8.97,0.149,0.397298444,0.045471396,343063.4984
NLA17_WA-10025,1,-13.52,-113.42,-5.26,0.25,0.430286117,1.450395198,7155.1813
NLA17_WA-10026,1,-9.31,-92.65,-18.17,0.179,0.059883516,0.284258717,4347.0371
NLA17_WA-10027,1,-5.49,-51.79,-7.87,0.282,2.638250494,0.27377898,11915689.74
NLA17_WA-10038,1,-14.6,-105.5,11.3,0,NA,0.041095387,206874779.3
NLA17_WA-10048,1,-8.83,-69.92,0.72,0.02,0.090211347,0.100570378,988588.1317
NLA17_WA-10049,1,-7.47,-66.19,-6.43,0.086,0.099952006,0.265366538,86599.5714
NLA17_WA-10050,1,-9.07,-91.03,-18.47,0.141,3.559092487,0.736788271,5452552.303
NLA17_WA-10052,1,-4.57,-44.27,-7.71,0.236,NA,#VALUE!,987588
NLA17_WA-10056,1,-6.88,-69.75,-14.71,0.261,0.127818079,0.062285503,3621.76
NLA17_WA-10057,1,-12.39,-108.79,-9.67,0.326,0.203269878,0.442744718,307996.337
NLA17_WA-10060,1,-12.18,-88.67,8.77,0.032,0.931534528,0.089516936,8356408.205
NLA17_WA-10064,1,-4.55,-47.96,-11.56,0.251,0.254447284,0.10487719,128296.973
NLA17_WA-HP001,1,-11.54,-83.6,8.72,0.032,0.791278599,0.147762263,1673121.249
NLA17_WA-HP002,1,-16.88,-125.08,9.96,0.001,0.534600892,0.158047778,3156386.933
NLA17_WA-HP003,1,-11.96,-107.36,-11.68,0.174,3.839798854,0.000179759,6302085.583
NLA17_WI-HP001,1,-8.09,-60.36,4.36,0.091,0.424632472,0.075902489,2278964.15
NLA17_WI-HP003,1,-4.75,-47.16,-9.16,0.338,2.878111845,0.112404325,722844.8
NLA17_WI-HP004,1,-3.95,-43.57,-11.97,0.476,2.355850031,0.382429676,249218.2456
NLA17_WV-10001,1,-6.8,-47.65,6.75,0.088,0.300079224,0.197432266,1256332.089
NLA17_WV-10002,1,-6.86,-44.42,10.46,0,NA,0.06818932,3976143.542
NLA17_WV-10003,1,-6.37,-42.01,8.95,0.032,0.071765694,0.261374395,233251.076
NLA17_WV-10004,1,-2.28,-18.21,0.03,0.462,0.526712891,0.460269314,88293.4776
NLA17_WV-10014,1,-5.72,-36.91,8.85,0.041,0.032418519,0.186405337,15884.0489
NLA17_WV-10015,1,-6.11,-40.38,8.5,0.052,0.046452321,0.194366638,52566.104
NLA17_WV-10017,1,-3.87,-28.29,2.67,0.194,0.408629786,0.276974895,20583.9917
NLA17_WV-10019,1,-4.36,-33.35,1.53,0.171,0.211947334,0.306106841,18365.4082
NLA17_WY-10001,1,-15.76,-128.09,-2.01,0.196,0.444608541,1.109602466,228307.9924
NLA17_WY-10002,1,-11,-96.81,-8.81,0.154,2.19153455,0.534921091,106313409.3
NLA17_WY-10004,1,-13.21,-105.55,0.13,0.03,0.054586391,0.136422875,16391.6934
NLA17_WY-10005,1,-16.07,-121.93,6.63,0.044,0.15924294,0.12233505,1271620.054
NLA17_WY-10006,1,-13.91,-111.12,0.16,0.208,3.037326816,0.250214685,1204623.07
NLA17_WY-10007,1,-16.52,-127.01,5.15,0.092,2.98101498,0.166405006,1549995897
NLA17_WY-10008,1,-14.14,-112.18,0.94,0.115,0.794288932,0.336611015,3161771.879
NLA17_WY-10009,1,-16.28,-120.75,9.49,0.012,1.663291888,0.262724102,6173814.94
NLA17_WY-10012,1,-15.74,-118.54,7.38,0.055,1.33622268,0.19212592,733538.2973
NLA17_WY-10013,1,-12.51,-109.59,-9.51,0.32,0.991819888,0.816409013,20296.4848
NLA17_WY-10017,1,-2.89,-49.96,-26.84,0.628,2.460858923,1.267591191,2708017.965
NLA17_WY-10018,1,-15.16,-124.23,-2.95,0.084,0.462111387,0.419083777,450484.9162
NLA17_WY-10019,1,-19.07,-142.06,10.5,0,NA,0.391104513,12162.6888
NLA17_WY-10020,1,-15.51,-119.4,4.68,0.04,0.078922835,0.414218485,8509566.469
NLA17_WY-10021,1,-15.39,-118.91,4.21,0.043,1.517580774,0.285614026,302287252.8
NLA17_WY-10031,1,-16.81,-123.41,11.07,0,NA,0.096546474,321904.8588
NLA17_WY-10032,1,-18.09,-131.7,13.02,0,NA,0.158519849,1442707.25
NLA17_WY-10038,1,-8.56,-82.88,-14.4,0.187,0.603487163,1.395889362,26839.3041
NLA17_WY-10039,1,-8.12,-101.6,-36.64,0.354,0.290133544,0.806716338,42838.7998
NLA17_WY-10050,1,-14.28,-113.95,0.29,0.036,0.07885706,0.30356907,33583.5948
NLA17_WY-HP001,1,-13.63,-112.41,-3.37,0.043,4.680793109,0.919865029,1140971.37
NLA17_AL-10001,2,-3.87,-21.36,9.6,0.011,0.030603393,0.020389053,33963752.56
NLA17_AL-10004,2,-0.41,-6.67,-3.39,0.202,0.365525955,0.203757657,584040.0415
NLA17_AR-10001,2,-1.94,-14.65,0.87,0.131,0.149162508,0.153022809,1131940.234
NLA17_AR-10003,2,-2.28,-22.3,-4.06,0.043,NA,0.270264954,NA
NLA17_AZ-10001,2,-5.2,-45.49,-3.89,0.181,0.906724115,0.0268829,24368303.98
NLA17_AZ-10006,2,-3.85,-39.4,-8.6,0.32,NA,0.233463029,NA
NLA17_CA-10001,2,-4.12,-27.5,5.46,0.158,0.786232389,0.061882241,12158468.05
NLA17_CA-10005,2,-4.79,-37.74,0.58,0.196,1.423414232,0.087616302,4770030.811
NLA17_CO-10009,2,-12.66,-98.67,2.61,0.137,1.15786589,0.406906025,186231.2509
NLA17_CO-10024,2,-14.9,-112.64,6.56,0.052,1.179626283,0.935069652,6637447.223
NLA17_CT-10001,2,-5.75,-38.81,7.19,0.098,0.104561202,0.109772127,130612.3211
NLA17_CT-10005,2,-5.14,-37.61,3.51,0.14,0.290563836,0.261491805,448260.6523
NLA17_DE-10001,2,-4.73,-28.66,9.18,0.029,0.012556848,0.279318997,226783.1296
NLA17_DE-10004,2,-5.94,-32.64,14.88,0,NA,0.119117757,55182.871400000004
NLA17_FL-10001,2,0.34,3.7,0.98,0.218,0.082338707,0.210261326,771024983.5
NLA17_FL-10007,2,0.15,-2.14,-3.34,0.144,0.138840774,0.277076258,22185.8807
NLA17_GA-10001,2,1.06,5.06,-3.42,0.264,0.226748949,0.314962574,92525.73
NLA17_GA-10005,2,-0.79,-11.24,-4.92,0.196,0.202478941,0.145622768,24877.9738
NLA17_IA-10001,2,-2.5,-27.5,-7.5,0.441,1.438272796,0.347021702,8245780.08
NLA17_IA-10005,2,-3.25,-27.62,-1.62,0.394,0.809797802,0.401897189,5902147.842
NLA17_ID-10001,2,-14.38,-110.56,4.48,0.027,0.099042336,0.202326485,4385648.35
NLA17_ID-10006,2,-13.44,-109.69,-2.17,0.068,0.244358506,0.182711931,458474.1343
NLA17_IL-10003,2,-2.36,-20.89,-2.01,0.137,0.372786657,0.356414325,159724.4763
NLA17_IL-10004,2,-1.91,-19.99,-4.71,0.244,1.643268169,0.42731541,3635238.208
NLA17_IN-10010,2,-4.92,-36.96,2.4,0.147,0.631646448,0.16523775,7413366.525
NLA17_IN-10028,2,-4.04,-28.74,3.58,0.185,1.094812013,0.272233147,7781277.59
NLA17_KS-10001,2,-3.12,-24.87,0.09,0.28,0.422937092,0.573085487,128157.39
NLA17_KS-10005,2,-3.71,-25.94,3.74,0.145,0.261244977,0.352554002,60863.4133
NLA17_KY-10001,2,-3.83,-26.72,3.92,0.142,1.56938,0.206741585,7780265.646
NLA17_KY-10003,2,-2.19,-20.78,-3.26,0.107,0.073748529,0.298176744,22269.2957
NLA17_LA-10001,2,-0.14,-1.03,0.09,0.291,0.427419629,0.247853858,6857819.965
NLA17_LA-10004,2,-3.24,-18.35,7.57,0.071,0.041726731,0.065261693,103300095
NLA17_MA-10001,2,-4.28,-30.46,3.78,0.174,0.3214978,0.218018269,185844.0842
NLA17_MA-10004,2,-6.73,-47.17,6.67,0.086,0.463681251,0.063828484,4674999.515
NLA17_MD-10001,2,-4.98,-36.4,3.44,0.164,0.931570278,0.294633265,3317509.644
NLA17_MD-10003,2,-5.76,-34.45,11.63,0.047,0.053013459,0.340023922,681829.677
NLA17_ME-10001,2,-4.35,-41.3,-6.5,0.358,0.577999731,0.153432774,948269.6113
NLA17_ME-10007,2,-8.08,-61.27,3.37,0.157,0.744024891,0.179760174,85383.0532
NLA17_MI-10001,2,-2.35,-27.63,-8.83,0.46,1.834498159,0.296134856,527104.0753
NLA17_MI-10011,2,-5.28,-43.31,-1.07,0.173,0.417122997,0.441135463,253876.3296
NLA17_MN-10001,2,-7.79,-63.34,-1.02,0.295,1.579010167,0.284768513,4143182.787
NLA17_MN-10159,2,-8.67,-70.83,-1.47,0.223,0.870017277,0.262174222,1669772.208
NLA17_MO-10001,2,-1.05,-12.1,-3.7,0.368,0.592638857,0.358026162,156738.6636
NLA17_MO-10006,2,-3.35,-24.69,2.11,0.071,0.178780921,0.250396568,435224.8468
NLA17_MS-10001,2,-2.71,-19.77,1.91,0.025,0.036834083,0.135489029,612801.7625
NLA17_MS-10007,2,1.3,0.7,-9.7,0.476,1.525537342,0.367919706,237983.1402
NLA17_MT-10009,2,-6.76,-77.71,-23.63,0.517,0.33331501,0.745118943,262151.0861
NLA17_MT-10036,2,-6.78,-77.68,-23.44,0.454,1.757148127,1.342362192,582010.5059
NLA17_NC-10001,2,-4.26,-27.29,6.79,0.069,0.361621979,0.127854313,68986008.95
NLA17_NC-10004,2,-3.66,-20.88,8.4,0.07,0.288777031,0.216321928,988626.8246
NLA17_ND-10001,2,-1.87,-26.72,-11.76,0.951,1.381132826,0.622240309,2316542.272
NLA17_ND-10008,2,-3.68,-47.61,-18.17,0.732,0.960656237,0.869783737,1618558.693
NLA17_NE-10001,2,-3.42,-32.38,-5.02,0.239,1.012387046,0.143694797,173934356.5
NLA17_NE-10007,2,-11.29,-95.39,-5.07,0.256,2.281227609,0.801837818,24901969.34
NLA17_NH-10001,2,-8.22,-57.15,8.61,0.052,0.149018165,0.021229896,195557.5136
NLA17_NH-10052,2,-5.89,-45.54,1.58,0.157,0.192326626,0.081545868,254018.5163
NLA17_NJ-10001,2,-5.46,-38.08,5.6,0.139,0.209171803,0.159121949,229774.6566
NLA17_NJ-10004,2,-5.6,-34.2,10.6,0.033,0.02278788,0.202981439,62202.2201
NLA17_NM-10003,2,-3.92,-39.55,-8.19,0.228,0.962491228,0.544527722,11552719.05
NLA17_NM-10004,2,0.28,-17.1,-19.34,0.56,0.695931853,0.638008653,192808.6509
NLA17_NV-10002,2,-8.43,-83.53,-16.09,0.224,0.118144757,0.257384349,262706.9177
NLA17_NV-10006,2,-15.61,-118.14,6.74,0.05,0.214946412,0.066459739,133267.3837
NLA17_NY-10001,2,-6.83,-49.64,5,0.112,2.681739638,0.232214506,688356148.3
NLA17_NY-10003,2,-7.66,-55.15,6.13,0.125,0.373317279,0.191703129,66738.8948
NLA17_OH-10001,2,-4.47,-27.09,8.67,0.052,0.063579774,0.043927737,3369002.466
NLA17_OH-10003,2,-3.06,-23.54,0.94,0.307,1.872787377,0.289880512,2834495.357
NLA17_OK-10001,2,1.77,3.22,-10.94,0.801,2.682948119,0.297770905,16264570.29
NLA17_OK-10012,2,0.85,1.63,-5.17,0.704,1.131694778,0.317437948,101271.9451
NLA17_OR-10002,2,-13.55,-97.92,10.48,0,NA,0.05852867,999880.2347
NLA17_OR-10008,2,-0.46,-26.54,-22.86,0.567,0.442208528,0.176875218,202219.7635
NLA17_PA-10001,2,-7.09,-48.07,8.65,0.048,0.462758358,0.107079315,228094260.2
NLA17_PA-10006,2,-1.48,-16.33,-4.49,0.438,0.680454028,0.258221547,4748581.385
NLA17_RI-10001,2,-4.57,-33.99,2.57,0.185,0.279688565,0.14081227,907463.027
NLA17_RI-10010,2,-4.75,-30.9,7.1,0.124,0.135027113,0.156758877,36144.1518
NLA17_SC-10002,2,-3.06,-16.61,7.87,0.066,0.139272414,0.099943416,731172707.1
NLA17_SC-10003,2,2.47,1.48,-18.28,0.617,0.43317229,0.552140331,31379.4972
NLA17_SD-10001,2,-13.51,-111.66,-3.58,0.213,1.723172329,0.192744186,7039277200
NLA17_SD-10010,2,-1.12,-29.69,-20.73,0.752,0.303713345,0.782413502,1113189.144
NLA17_TN-10001,2,-3.95,-23.81,7.79,0.069,0.10082333,0.211157363,152166.399
NLA17_TN-10003,2,-11.16,-80.03,9.25,0.012,0.225498674,0.253689008,422998.8445
NLA17_TX-10001,2,0.98,1.63,-6.21,0.392,0.378158888,0.301754097,139126.4076
NLA17_TX-10008,2,1.02,-0.98,-9.14,0.333,0.18272985,0.314895185,82912.68
NLA17_UT-10001,2,-10.16,-80.44,0.84,0.207,0.81529172,0.398098756,3064124.953
NLA17_UT-10006,2,-11.53,-98.04,-5.8,0.144,3.552398817,1.945114191,166036.9582
NLA17_VA-10001,2,-3.77,-23.23,6.93,0.101,0.066942622,0.135456388,158867.1171
NLA17_VA-10006,2,-2.68,-19.68,1.76,0.2,0.128744538,0.089070859,189760.5811
NLA17_VT-10001,2,-9.16,-64.56,8.72,0.043,0.459185678,0.206441931,4688746.25
NLA17_VT-10003,2,-9.65,-70.43,6.77,0.062,1.539552954,0.228710259,21901591.25
NLA17_WA-10001,2,0.62,-12.61,-17.57,NA,NA,0.143903999,98949.6425
NLA17_WA-10007,2,-13.31,-102.3,4.18,0.095,1.084635046,0.886116198,198554.7056
NLA17_WV-10001,2,-6.23,-44.39,5.45,0.126,0.432079797,0.197432266,1256332.089
NLA17_WV-10003,2,-5.01,-36.47,3.61,0.165,0.367621538,0.261374395,233251.076
NLA17_WY-10001,2,-16.1,-129.1,-0.3,0.167,0.378821815,1.109602466,228307.9924
NLA17_WY-10004,2,-12.94,-102.37,1.15,0.052,0.094020526,0.136422875,16391.6934
